id,douleur_courte,acheteur,workflow,connecteurs,type,fit_mcp,interface_requise,prix_plausible,occurrences
D-001,ressaisie manuelle des factures fournisseurs dans l'ERP par un salarié dédié,"DAF ou responsable comptable de PME française, 10-100 salariés, tous secteurs à volume de factures fournisseurs","comptabilité fournisseurs (réception, saisie, imputation dans l'ERP)","email;OCR factures PDF;logiciel comptable/ERP (Sage, Cegid, Pennylane)",generique,moyen,mixte,200-500€/mois (fraction du coût d'un salarié dédié),44
D-044,data entry clerk payé pour transférer documents papier en base et tableurs,"office manager ou dirigeant de PME américaine, 10-50 salariés, back-office administratif",saisie de données back-office (documents papier vers base en ligne et tableurs),"OCR/scan;tableurs (Excel, Google Sheets);base de données métier",generique,moyen,mixte,200-400$/mois,36
D-047,"appointment setter salarié pour appels sortants, prise de RDV et saisie CRM","directeur commercial ou patron de PME américaine avec équipe de vente, 5-50 salariés",prospection téléphonique sortante et prise de rendez-vous commerciaux,CRM;calendrier;téléphonie/voix;email,generique,faible,mixte,300-800$/mois,15
D-016,mise à jour continue des plannings d'intervenants à domicile et remplacements,"directeur de structure d'aide à domicile (SAAD) française, 20-100 intervenants",planification des interventions à domicile et gestion des absences/remplacements,"logiciel de planning métier (Octime, Ximi);SMS/téléphonie;RH (absences, congés)",niche,moyen,mixte,150-400€/mois,10
D-048,saisie des annonces immobilières dans le MLS et suivi des transactions,"broker dirigeant d'agence immobilière américaine, 5-30 agents",publication des annonces dans le MLS et suivi administratif des transactions,MLS;CRM immobilier;email;stockage documents/photos,niche,fort,mixte,200-500$/mois,9
C-042,surventes multi-canaux faute de sync des stocks entre Shopify et autres canaux,"micro-commerçant multicanal (Shopify + boutique/marchés/Etsy), 1-5 personnes",synchronisation des stocks entre canaux de vente,Shopify;Etsy;POS (Square);marketplaces,niche,faible,dashboard,"20-50€/mois (micro-vendeurs, budget serré)",7
D-009,"facturation B2B récurrente et chasse aux paiements par mail, courrier, téléphone","DAF ou dirigeant de PME B2B française (services, restauration collective), 20-200 salariés",facturation clients B2B et recouvrement amiable,"facturation/compta (Sage, Pennylane);email;banque;téléphone",generique,fort,mixte,200-500€/mois,7
D-023,"quittancement, comptes locataires, révisions de loyer et relances en gestion locative","gérant de cabinet d'administration de biens français, 2-15 collaborateurs","gestion locative (quittancement, comptes locataires, révisions de loyer, relances)",logiciel de gestion locative;banque;email;compta,niche,fort,mixte,300-800€/mois,6
D-031,ordres de réparation et dossiers de garantie constructeur saisis manuellement,"patron de concession ou garage automobile français, 5-50 salariés","après-vente atelier (ordres de réparation, facturation, dossiers de garantie constructeur)",DMS atelier;portails garantie constructeurs;facturation;email,niche,moyen,mixte,150-400€/mois,6
D-037,préparation et saisie de la liasse documentaire export à chaque expédition,"dirigeant de PME import-export ou industrielle française, 10-100 salariés",constitution de la liasse documentaire export et déclarations douanières,ERP;douane (Delta);transitaires;email;OCR documents,niche,fort,mixte,200-500€/mois,6
D-038,préparation des convocations d'AG de copropriété et diffusion des PV,"gérant de cabinet de syndic de copropriété français, 5-30 collaborateurs","préparation des AG de copropriété (convocations, tenue, PV, diffusion)",logiciel syndic;email/recommandé électronique (AR24);stockage documents,niche,fort,mixte,300-800€/mois,6
B-001,"ATS Bullhorn hors de prix, implémentation coûteuse, +20% au renouvellement","dirigeant d'agence de staffing/recrutement, 5-50 consultants (marché anglo-saxon)",gestion du cycle candidats/clients dans l'ATS d'agence,ATS (Bullhorn);email;LinkedIn,niche,moyen,mixte,100-300€/mois (alternative ATS légère),5
D-010,chargé de recouvrement temps plein pour relancer les impayés dossier par dossier,"DAF ou credit manager de PME française, 50-250 salariés, volume d'impayés B2B/B2C",recouvrement amiable des créances clients,compta (balance âgée);email;téléphone;courrier,generique,fort,mixte,300-700€/mois,5
D-012,"émission de 150-200 factures/mois, saisie commandes et relances impayés","DAF ou dirigeant de PME française (services/BTP avec sous-traitance), 20-100 salariés","administration des ventes (commandes, facturation, relances)",ERP/facturation;email;compta,generique,fort,mixte,200-500€/mois,5
D-018,collecte et saisie mensuelle des variables de paie de chaque salarié,"responsable RH de PME française 50-250 salariés, ou pôle social de cabinet comptable",collecte et saisie des variables de paie mensuelles,"logiciel de paie (Silae, PayFit);planning/pointage;email",generique,moyen,mixte,200-500€/mois,5
D-021,"inscriptions, conventions, convocations et dossiers stagiaires à chaque session de formation","dirigeant d'organisme de formation français, 2-20 salariés",administration des sessions de formation (inscription à facturation),logiciel OF (Digiforma);email;CPF/EDOF et OPCO;facturation;calendrier,niche,fort,mixte,150-400€/mois,5
D-033,"mise à jour manuelle des tableaux de bord Excel, exports et reporting","dirigeant ou DAF de PME française, 10-100 salariés","reporting de gestion (exports d'outils, consolidation dans tableaux de bord Excel)",Excel/Google Sheets;ERP/compta;banque,generique,moyen,mixte,100-300€/mois,5
D-039,contrats de mission et relevés d'heures intérimaires saisis chaque semaine,"directeur d'agence d'intérim indépendante française, 2-10 permanents",contrats de mission et saisie des relevés d'heures intérimaires,logiciel de gestion d'intérim;OCR relevés d'heures;email;paie,niche,fort,mixte,200-500€/mois,5
B-002,UI ATS datée imposant double saisie et workflows lourds aux recruteurs,"dirigeant d'agence de recrutement utilisatrice de Bullhorn, 5-50 recruteurs",saisie et mise à jour candidats/clients dans l'ATS,ATS (Bullhorn);email;LinkedIn,niche,fort,conversationnel,50-150€/mois par agence (couche d'automatisation),4
B-020,logiciel gestion locative facturé ~4x le tarif unitaire pour petit portefeuille,"petit gestionnaire immobilier ou bailleur américain, moins de 50 lots, 1-5 personnes","gestion locative d'un petit portefeuille (loyers, locataires, maintenance)",banque;email;compta;signature électronique,niche,moyen,mixte,50-100$/mois,4
B-031,"field service à 245-500$/tech/mois, plus cher que les gains générés","patron de petite entreprise HVAC/plomberie américaine, 2-10 techniciens","gestion des interventions terrain (devis, dispatch, facturation)",calendrier;QuickBooks;SMS/téléphonie;paiements,niche,moyen,mixte,100-250$/mois,4
C-024,"opérations pilotées sur tableurs, peur de changer d'outil (coût, apprentissage)","dirigeant de TPE/PME tous secteurs, 2-50 salariés, opérations pilotées sur tableurs","opérations quotidiennes gérées dans des tableurs (stocks, plannings, suivis)",Excel/Google Sheets;email,generique,fort,conversationnel,50-150€/mois,4
C-044,2-3h/jour à répondre aux questions 'où est ma commande' et retours,"e-commerçant Shopify, 1-10 personnes, volume de commandes soutenu","support client e-commerce (suivi de commande, retours)",Shopify;helpdesk/email;transporteurs (tracking);WhatsApp,niche,moyen,mixte,50-150€/mois,4
D-006,saisie et pointage des pièces clients puis préparation TVA en cabinet comptable,"expert-comptable gérant de cabinet français, 5-30 collaborateurs","production comptable en cabinet (saisie des pièces, pointage, préparation TVA)","logiciel de production (ACD, Cegid, Odoo);OCR pièces;banque;portail TVA (impots.gouv)",niche,moyen,mixte,300-800€/mois (multi-dossiers cabinet),4
D-025,saisie des ordres de transport dans le TMS et édition des tournées,"dirigeant de PME de transport routier française, 10-50 conducteurs",saisie des ordres de transport et préparation des tournées,TMS;email (OT clients);télématique,niche,moyen,mixte,200-500€/mois,4
D-027,"suivi des situations de travaux, bons de commande et sous-traitance par chantier","dirigeant de PME du BTP française, 10-80 salariés","suivi administratif de chantier (situations, bons de commande, sous-traitance)",ERP BTP;Excel;email;Chorus Pro,niche,fort,mixte,200-500€/mois,4
D-040,"DPAE, heures d'intérim, contrôle factures d'agence et dossiers du personnel","responsable RH de PME industrielle/logistique française, 50-250 salariés","administration du personnel (DPAE, intérim, attestations, DSN)",URSSAF/net-entreprises;SIRH/paie;portails agences d'intérim;email,generique,moyen,mixte,150-400€/mois,4
D-053,saisie comptable externalisée à un opérateur freelance payé à la tâche,"expert-comptable de petit cabinet ou dirigeant de TPE française externalisant la saisie, 1-10 personnes",saisie comptable externalisée,OCR pièces;logiciel comptable;email/Drive,niche,moyen,mixte,100-300€/mois,4
A-051,RH de 600+ salariés sur 10 sites gérées sur papier sans SIRH,"DRH ou RH solo d'entreprise multi-sites de 600+ salariés (contexte anglo-saxon, secteurs à main-d'œuvre)","administration RH multi-sites (dossiers salariés, suivis réglementaires)",paie;tableurs;email;stockage documents,generique,moyen,mixte,300-800€/mois (à l'échelle 600 salariés),3
B-004,"lenteurs, timeouts et parsing CV défaillant de l'ATS, re-saisie manuelle","dirigeant d'agence de recrutement/staffing sous Bullhorn, 5-50 recruteurs",parsing et intégration des CV dans l'ATS,ATS;parsing CV;email,niche,fort,conversationnel,50-200€/mois,3
B-009,"support ATS lent et vague, onboarding qui traîne","gérant d'agence de recrutement TPE, 2-15 consultants",paramétrage et prise en main de l'ATS,ATS (Zoho Recruit),niche,faible,mixte,50-150€/mois,3
B-016,hausses de prix fréquentes et frais additionnels du logiciel de gestion locative,"property manager américain, portefeuille de 50-500 lots, 2-20 salariés",gestion locative (outil central du cabinet),compta;banque;email,niche,moyen,mixte,100-300$/mois,3
B-017,"comptabilité confuse du logiciel de gestion locative, reporting et intégration laborieux","gestionnaire immobilier américain sous Buildium, 2-20 salariés",comptabilité et reporting de gestion locative,Buildium;QuickBooks;banque,niche,moyen,mixte,100-300$/mois,3
B-021,"support du logiciel de gestion locative dégradé, attentes interminables","property manager américain client AppFolio de longue date, 5-50 salariés",résolution des blocages sur l'outil de gestion locative,AppFolio;email,niche,faible,mixte,100-300$/mois (alternative mieux supportée),3
B-024,tarification par siège qui punit la croissance de l'équipe field service,"patron d'entreprise de field service américaine en croissance, 10-30 salariés","gestion des interventions terrain (planification, devis, facturation)",calendrier;QuickBooks;SMS;paiements,niche,moyen,mixte,80-200$/mois forfaitaire,3
B-026,"reporting field service sans first-time-fix rate, LTV client ni suivi SLA","patron de société de services terrain américaine sous Jobber, 5-30 techniciens",reporting opérationnel field service (KPIs interventions et clients),Jobber (API);QuickBooks;Excel/Sheets,niche,moyen,dashboard,50-150$/mois,3
B-027,"sync Jobber-QuickBooks cassée: erreurs, doublons, connexions à refaire","contractor américain, 2-20 salariés, Jobber + QuickBooks",synchronisation facturation terrain vers comptabilité,Jobber;QuickBooks,niche,faible,dashboard,30-100$/mois,3
B-032,"implémentation field service de plusieurs mois, chronophage et mal accompagnée","dirigeant ou admin d'entreprise de services terrain américaine migrant vers ServiceTitan, 10-50 salariés",implémentation et migration des données vers l'outil field service,ServiceTitan;données legacy (CSV/exports);QuickBooks,niche,moyen,mixte,100-250$/mois (alternative simple à déployer),3
B-035,outil enterprise surdimensionné vendu aux ateliers de moins de 5 techniciens,"petit contractor américain (plomberie, HVAC, électricité), 1-5 techniciens","gestion complète d'un petit atelier de services terrain (devis, planning, facturation)",calendrier;QuickBooks;SMS/téléphonie;paiements,niche,fort,mixte,50-150$/mois,3
B-039,bugs récurrents et incohérences sur les déclarations fiscales de l'outil comptable,dirigeant de TPE/PME française ou expert-comptable utilisateur de Pennylane,déclarations fiscales (TVA) depuis l'outil comptable,Pennylane;portail impots.gouv,niche,moyen,mixte,50-150€/mois (contrôle/fiabilisation),3
B-046,"erreurs d'extraction OCR sur les lignes de pièces, montants mal placés","bookkeeper ou petit cabinet de tenue comptable anglo-saxon, 1-10 personnes",pré-comptabilité (extraction et codage des pièces),"OCR pièces;compta (Xero, QuickBooks);email",niche,fort,mixte,50-200€/mois,3
B-049,"fonds retenus des semaines après paiement client, payout sous 10 jours","freelance solo (créatif, consultant) facturant via Bonsai",encaissement des paiements clients freelance,paiements (Stripe);banque;facturation,generique,faible,dashboard,20-50€/mois,3
B-051,"support quasi inexistant, aucun humain joignable pour un problème basique",freelance ou petite agence (1-5 personnes) sous Bonsai,résolution des blocages sur l'outil de gestion freelance,Bonsai;email,generique,faible,mixte,20-50€/mois,3
B-053,"hausse tarifaire de +89,5% du CRM solopreneur, fuite vers les alternatives","solopreneur créatif américain (photographe, wedding planner, designer), 1-3 personnes","gestion clients de solopreneur créatif (devis, contrats, paiements)",email;calendrier;paiements;signature/contrats,niche,moyen,mixte,20-60$/mois,3
B-056,setup si complexe qu'une industrie de consultants à 300-1500$ existe,"solopreneur de services américain (coach, designer, photographe), 1-3 personnes","paramétrage des workflows clients (formulaires, contrats, relances automatiques)",Dubsado;email;calendrier;paiements,niche,fort,conversationnel,30-80$/mois,3
B-065,saisie des temps si pénible que les techs loguent le vendredi après-midi,"patron de MSP (services IT managés) sous ConnectWise, 5-30 techniciens",saisie des temps facturables des techniciens,PSA (ConnectWise);ticketing;calendrier;email,niche,fort,conversationnel,100-300$/mois,3
B-068,"interface PSA surchargée, lente aux heures de pointe, apprentissage raide","dirigeant de MSP sous ConnectWise, 5-30 techniciens",gestion quotidienne des tickets et opérations dans le PSA,PSA (ConnectWise);ticketing,niche,moyen,mixte,100-300$/mois,3
B-069,"patchs manqués ou échoués en silence, sans feedback ni contrôle granulaire","patron ou technicien de MSP sous Atera, 2-20 techniciens",patch management des parcs clients,RMM (Atera);alerting,niche,faible,dashboard,50-200$/mois,3
B-072,"erreurs de facturation transport, charges inattendues et remboursements lents",e-commerçant PME (1-20 personnes) à volume d'expéditions régulier,contrôle de la facturation transport et des surcharges,ShipStation;transporteurs;compta,niche,moyen,dashboard,30-100$/mois,3
B-073,"support d'expédition externalisé lent, galères récurrentes de login et 2FA",e-commerçant PME (1-20 personnes) sous ShipStation,expédition quotidienne des commandes,ShipStation;transporteurs,niche,faible,dashboard,30-100$/mois,3
C-011,reconstituer et logger le temps passé par tâche et par client,"gérant d'agence ou de cabinet de conseil facturant au temps, 2-20 consultants (contexte anglo-saxon)",capture des temps facturables par tâche et par client,Jira;git/commits;calendrier;facturation,generique,fort,conversationnel,50-150$/mois,3
C-036,"Relances clients et justificatifs éparpillés entre emails, SMS, tableurs avant chaque clôture mensuelle","gérant de cabinet de bookkeeping/tenue comptable, 2-10 collaborateurs (anglophone/US)",collecte des justificatifs et clôture mensuelle client,email;QuickBooks Online;SMS;stockage fichiers (Drive/Dropbox),niche,fort,mixte,50-150 €/mois,3
D-017,Création manuelle des fiches produits e-commerce une par une par un assistant payé,"gérant de PME e-commerce avec flux continu de catalogue, 5-30 salariés, FR",création et mise en ligne de fiches produits,CMS e-commerce (Shopify/PrestaShop/WooCommerce);PIM ou tableur catalogue;banque d'images,niche,fort,mixte,100-300 €/mois,3
D-019,Secrétaire médicale payée uniquement pour taper les comptes rendus dictés,"médecin gérant de cabinet ou centre d'imagerie médicale, 2-10 praticiens, FR",transcription et mise en forme des comptes rendus médicaux dictés,dictée audio;logiciel métier médical (DPI/RIS);messagerie sécurisée santé,niche,moyen,mixte,200-500 €/mois (vs 25-30 K€/an de salaire),3
D-029,Saisie des commandes fournisseurs et rapprochement BL/factures faits par un assistant achats,"responsable achats de PME industrie/négoce, 10-50 salariés, FR",commandes fournisseurs et rapprochement BL/factures,ERP/gestion commerciale;email;OCR factures;compta,niche,fort,mixte,150-400 €/mois,3
D-035,Enregistrement des retours produits et montage des dossiers d'avoir faits manuellement,"responsable SAV de PME distribution/e-commerce, 10-50 salariés, FR",gestion des retours produits (RMA) et avoirs,ERP/OMS;email;transporteurs;facturation,niche,fort,mixte,150-300 €/mois,3
D-041,Calendrier éditorial et programmation des posts réseaux sociaux tenus par un assistant,"dirigeant ou responsable communication de TPE/PME, 5-50 salariés, FR",calendrier éditorial et programmation réseaux sociaux/newsletter,LinkedIn;Instagram;outil de programmation (Later);MailChimp;WordPress,generique,fort,mixte,50-150 €/mois,3
D-043,Tri des candidatures et mise en forme des CV au format cabinet avant envoi,"gérant de cabinet de recrutement, 2-15 consultants, FR",préparation et envoi des dossiers candidats aux clients,ATS;email;parsing CV (PDF/Word);modèles de documents,niche,fort,mixte,100-300 €/mois,3
E-015,"Fichier de prospects LinkedIn en URLs brutes, sans infos pour prioriser ni personnaliser","fondateur ou commercial B2B en prospection, startup/TPE 1-20 salariés, FR",enrichissement de listes de prospects avant campagne,LinkedIn (API/scraping);enrichissement contacts;CRM,generique,fort,conversationnel,50-150 €/mois,3
E-069,Des heures sur LinkedIn pour construire à la main une liste de cibles ICP,"fondateur ou SDR B2B, startup/TPE 1-20 salariés, FR",sourcing et constitution de listes de prospects ICP,LinkedIn;bases entreprises (Sirene/enrichissement);CRM,generique,fort,conversationnel,50-200 €/mois,3
E-073,"Trois outils et trois passages pour réunir email pro, email perso et mobile","SDR ou growth marketer B2B multicanal, startup/TPE 1-20 salariés, FR",enrichissement des coordonnées avant séquence multicanal,enrichissement email/téléphone (waterfall);LinkedIn;CRM/outil de séquences,generique,fort,conversationnel,50-150 €/mois,3
E-084,Pas le temps de visionner et transcrire les reels d'un créateur pour idéation,"créateur de contenu / ghostwriter / social media manager, solo à TPE, FR",veille concurrentielle et recherche d'idées de contenu,Instagram/TikTok (scraping type Apify);transcription audio,generique,fort,conversationnel,20-50 €/mois,3
A-031,"Reporting de maintenance MSP par exports Excel manuels multi-outils, sans vue centralisée","dirigeant de MSP (infogérance IT), 5-25 techniciens (anglophone)",reporting de maintenance mensuel client,RMM;CyberCNS;solution backup;Microsoft 365 API,niche,moyen,mixte,100-300 €/mois,2
A-035,"Consolidation multi-entités impossible d'un coup dans QBO/Xero, navigation entité par entité","dirigeant multi-sociétés ou expert-comptable de holding, 2-10 entités TPE/PME (anglophone)",consolidation financière multi-entités,QuickBooks Online;Xero;tableur,niche,fort,mixte,100-250 €/mois,2
A-042,Rédaction fastidieuse de messages d'approche personnalisés candidat par candidat,"recruteur/sourceur en cabinet de recrutement, 1-15 consultants",sourcing et approche candidats (outreach),LinkedIn;ATS;email,niche,fort,conversationnel,50-150 €/mois,2
A-058,"Saisie des devis ligne par ligne avec prix unitaires, principal poste de temps","artisan / entrepreneur général BTP, 1-10 salariés (anglophone, douleur transposable FR)",chiffrage et rédaction de devis,bibliothèque de prix;logiciel devis/facturation;email,niche,fort,conversationnel,50-150 €/mois,2
A-060,Analyse d'acquisition locative dans un Excel trop rigide pour tester des hypothèses,"investisseur immobilier locatif particulier/semi-pro, portefeuille 1-10 biens (US)",analyse de deals d'acquisition locative,données marché immobilier;tableur;taux d'emprunt,niche,fort,mixte,20-50 €/mois,2
A-062,Suivi laborieux du P&L par bien locatif entre vacance et changements d'escrow,"petit bailleur / investisseur locatif, 1-5 biens (US)",suivi de performance locative (P&L par bien),banque;logiciel de gestion locative;tableur,niche,moyen,mixte,10-30 €/mois,2
A-079,Reporting client manuel de plus d'une semaine par mois pour 35 clients hétérogènes,"dirigeant d'agence marketing, 5-30 salariés, ~35 clients",reporting mensuel client multi-services,Google Analytics;Google/Meta Ads;outils SEO;réseaux sociaux,niche,moyen,mixte,100-300 €/mois,2
A-083,Aucune preuve objective pour attribuer aux clients les retards qu'ils causent,"dirigeant ou chef de projet d'agence créative/web, 5-30 salariés",suivi de projet client et attribution des retards,outil de gestion de projet (Asana/ClickUp);email;Slack,niche,moyen,mixte,50-150 €/mois,2
A-085,"Onboarding client géré à la main, Dubsado et HoneyBook jugés insuffisants","freelance ou petite agence de services créatifs, 1-5 personnes",onboarding de nouveaux clients,email;Notion/Docs;signature électronique;facturation,generique,moyen,mixte,30-80 €/mois,2
A-090,Suivi inventaire et food cost intégré à Toast : aucun outil ne convient,"restaurateur indépendant, 1-3 établissements (US)",gestion d'inventaire et food cost,POS Toast;factures fournisseurs (OCR);tableur,niche,moyen,mixte,100-200 €/mois,2
A-099,Heures perdues à trier manuellement le feedback utilisateur multi-sources,"founder SaaS / product manager, startup 1-20 personnes",agrégation et tri du feedback produit,email;support (Intercom/Zendesk);reviews;Slack/Discord,generique,fort,conversationnel,30-80 €/mois,2
A-104,Aucun moyen fiable de valider la demande avant de construire un produit,indie founder / solo entrepreneur SaaS,validation de marché avant développement,Reddit/forums (scraping);outils de sondage;analytics/SEO,generique,fort,conversationnel,20-50 €/mois,2
B-003,ATS Bullhorn : fonctionnalités cassées et support qui refuse de corriger,"dirigeant de cabinet de recrutement/staffing utilisant Bullhorn, 5-50 consultants",gestion du cycle de recrutement dans l'ATS,ATS Bullhorn (API);email,niche,faible,mixte,100-300 €/mois,2
B-006,Données de contacts obsolètes ou incomplètes hors marché US et rôles de niche,"recruteur exécutif hors US (Europe/FR), cabinet 1-10 consultants",sourcing et enrichissement de contacts candidats,LinkedIn;bases d'enrichissement contacts EU;ATS,niche,fort,conversationnel,100-200 €/mois,2
B-007,Échecs d'automatisation email et délivrabilité défaillante des campagnes de sourcing,"recruteur en cabinet pratiquant l'outreach automatisé, 1-15 consultants",campagnes d'approche candidats (outreach email),email (Gmail/SMTP);ATS;LinkedIn,niche,moyen,mixte,50-150 €/mois,2
B-008,Crédits contacts qui font grimper la facture de sourcing à 300$+/mois,"gérant de cabinet de recrutement à gros volume de sourcing, 2-15 consultants",enrichissement des coordonnées candidats,LinkedIn;enrichissement contacts;ATS,niche,fort,conversationnel,100-250 €/mois,2
B-011,"Formulaires ATS rigides : champs impossibles à masquer, renommer ou supprimer","admin RH / responsable recrutement de PME utilisant Zoho Recruit, 10-100 salariés",paramétrage de l'ATS et des formulaires candidats,ATS Zoho Recruit (API),niche,faible,dashboard,50-150 €/mois,2
B-012,ATS qui rame sur les gros volumes du staffing haut volume,"dirigeant d'agence de staffing haut volume, 10-50 recruteurs",gestion de candidats en haut volume dans l'ATS,ATS (API);job boards,niche,faible,dashboard,100-300 €/mois,2
B-013,Reporting CRM inflexible : chaque export doit être retravaillé manuellement,"dirigeant de cabinet de recrutement data-driven, 5-20 consultants",reporting d'activité du cabinet,CRM recrutement (API/exports);tableur,niche,fort,mixte,50-150 €/mois,2
B-014,CRM recrutement à 85$/user/mois avec reporting avancé verrouillé,"fondateur de cabinet de recrutement en croissance, 3-15 consultants",gestion du cabinet dans l'ATS/CRM,CRM recrutement (API),niche,faible,mixte,40-80 €/user/mois (sous le prix de l'existant),2
B-018,"Mise en place des paiements de loyers lente, opaque, aux frais illisibles","property manager, portefeuille 50-500 lots (US)",encaissement des loyers en ligne,logiciel de gestion locative (Buildium);processeur de paiement;banque,niche,faible,dashboard,100-300 €/mois,2
B-022,Gestion locative sans baux commerciaux ni fonctions avancées gros portefeuilles,bailleur particulier ou SCI FR avec baux commerciaux ou portefeuille >10 lots,"gestion locative (baux, quittances, indexation)",gestion locative;banque;modèles de baux;indices INSEE (ILC/ILAT),niche,moyen,mixte,20-50 €/mois,2
B-023,Synchronisation bancaire capricieuse pour le rapprochement des loyers,"bailleur particulier FR, 2-10 lots",rapprochement des loyers encaissés,agrégateur bancaire;gestion locative,niche,faible,dashboard,10-30 €/mois,2
B-025,Add-ons facturés à part qui doublent la note du logiciel d'interventions,"artisan/contractor services à domicile, 2-10 salariés (US/CA)","gestion d'interventions (devis, planning, facturation, relation client)",FSM (Jobber);téléphonie;avis Google;email/SMS,niche,faible,mixte,100-200 €/mois (tout compris),2
B-028,App mobile inutilisable hors ligne sur les chantiers sans couverture réseau,"artisan avec équipes terrain sur chantiers sans réseau, 2-15 techniciens",saisie terrain des interventions,FSM (API);mobile offline,niche,faible,dashboard,50-150 €/mois,2
B-033,FSM rigide imposant des contournements permanents pour toute opération non standard,"ops manager d'entreprise de services (CVC/plomberie/élec), 20-100 techniciens (US)",opérations non standard dans le logiciel de gestion d'interventions,FSM ServiceTitan (API),niche,moyen,mixte,200-400 €/mois,2
B-034,Données éparpillées dans ServiceTitan : extraire une information est un parcours du combattant,"dirigeant/ops d'entreprise de services utilisant ServiceTitan, 20-100 techniciens (US)",extraction et analyse des données opérationnelles,FSM ServiceTitan (API);tableur/BI,niche,fort,conversationnel,100-300 €/mois,2
B-036,"Logiciel BTP 100% en ligne, sans mode hors connexion sur le terrain","artisan BTP FR, 1-10 salariés",devis et facturation sur le terrain,logiciel devis/facturation BTP;mobile offline,niche,faible,dashboard,25-60 €/mois,2
B-038,Support compta renvoyant vers l'expert-comptable sur les vraies questions métier,"dirigeant de TPE FR utilisant Pennylane, 1-10 salariés","questions comptables du quotidien (TVA, écritures, cas métier)",compta (Pennylane API);base réglementaire fiscale FR,niche,fort,conversationnel,30-80 €/mois,2
B-040,Navigation compta lourde et lente : deux mois pour maîtriser l'outil,dirigeant de TPE / indépendant FR utilisant Pennylane,saisie et consultation comptable quotidienne,compta (Pennylane API),niche,fort,conversationnel,20-50 €/mois,2
B-042,Fonctionnalités compta inexploitables sans cabinet comptable partenaire imposé,dirigeant de TPE FR autonome (sans cabinet partenaire Pennylane),tenue comptable en autonomie,compta (API);banque,niche,moyen,mixte,30-80 €/mois,2
B-044,Support téléphonique long et service limité pour l'activité à l'international,"indépendant/freelance FR avec activité internationale, utilisateur Tiime",facturation et comptabilité de l'indépendant,compta/facturation (Tiime);banque,niche,faible,mixte,20-50 €/mois,2
B-047,"Collecte et OCR des pièces à 235-850$/mois, trop lourd pour petit cabinet","expert-comptable, petit cabinet 1-5 collaborateurs",collecte et OCR des pièces comptables clients,email;OCR documents;logiciels compta (QBO/Xero),niche,moyen,mixte,100-250 €/mois,2
B-048,Support de l'outil de collecte de pièces médiocre et lent,"cabinet comptable utilisant Dext, 2-20 collaborateurs",collecte de pièces comptables clients,OCR documents;logiciels compta,niche,faible,mixte,100-200 €/mois,2
B-050,Compte de facturation bloqué puis fermé sans explication ni recours,freelance services utilisant Bonsai pour facturer et encaisser (international),facturation et encaissement freelance,facturation;processeur de paiement;banque,generique,faible,mixte,20-50 €/mois,2
B-052,Frais de transaction jugés abusifs malgré le zéro frais cachés affiché,freelance services facturant via Bonsai (international),encaissement des factures clients,facturation;processeur de paiement,generique,faible,mixte,20-50 €/mois,2
B-054,4000-6000$/an de frais de processing en plus de l'abonnement HoneyBook,"photographe de mariage indépendant, solo (US)","contrats, facturation et encaissement des prestations mariage",paiement (Stripe/virement);contrats/signature électronique;email;calendrier,niche,faible,mixte,50-100 €/mois (justifié par les milliers de $ de frais évités),2
B-055,Automations et reporting trop limités au-delà de quelques collaborateurs,"fondateur de studio de services créatifs en croissance, 3-10 personnes","gestion de la relation client (pipeline, automations, reporting)",CRM services (API);email;facturation,niche,moyen,mixte,50-150 €/mois,2
B-057,Bugs et lenteurs récurrents de l'outil de gestion client freelance,freelance/solopreneur services utilisant Dubsado,"gestion client freelance (devis, contrats, workflows)",CRM freelance (API);email,generique,faible,dashboard,20-50 €/mois,2
B-058,"Pas de logique conditionnelle dans les workflows, emails limités à un contact","freelance services avec onboarding client structuré, 1-3 personnes",automatisation de l'onboarding et du suivi client,CRM freelance (API);email;signature électronique,generique,moyen,mixte,30-60 €/mois,2
B-060,Logiciel de réservation restaurant jugé trop cher pour sa qualité perçue,"restaurateur indépendant, 1 établissement, 5-20 salariés",gestion des réservations et de l'outillage du restaurant,plateforme de réservation (Zenchef/TheFork);avis clients,niche,faible,dashboard,"50-100 €/mois (en remplacement de l'existant, pas en addition)",2
B-061,Litiges de promotions TheFork portés seul par le restaurateur sans suivi plateforme,"restaurateur indépendant partenaire TheFork, 1-3 établissements",gestion des promotions et litiges liés aux plateformes de réservation,TheFork Manager;email;caisse/POS,niche,moyen,mixte,30-80 €/mois,2
B-066,Hausses au renouvellement du PSA et turnover permanent des account managers,"dirigeant de MSP (services IT managés), 5-50 techniciens",gestion du contrat et du renouvellement de l'outillage PSA,PSA (ConnectWise);facturation,niche,faible,dashboard,"150-400 €/mois (uniquement si alternative PSA crédible, pas un add-on)",2
B-067,"Support du PSA injoignable par téléphone, incidents bloquants qui traînent","dirigeant de MSP, 5-50 techniciens",support éditeur de l'outillage MSP,PSA (ConnectWise);helpdesk,niche,faible,dashboard,50-150 €/mois,2
B-070,Reporting custom fin impossible à obtenir depuis le RMM/PSA Atera,"dirigeant de MSP, 2-20 techniciens",reporting client et pilotage d'activité MSP,API Atera/PSA;Excel/BI,niche,fort,mixte,50-150 €/mois,2
B-071,Syncs de commandes lentes (60-75 min) qui s'arrêtent sans aucune alerte,"e-commerçant multi-canal, TPE/PME 1-20 salariés",synchronisation commandes et expédition e-commerce,ShipStation;marketplaces (Amazon/eBay);boutique (Shopify),niche,faible,dashboard,30-100 €/mois,2
B-074,Frais de paiement ajoutés sur chaque achat d'étiquette depuis juillet 2025,"e-commerçant expédiant en volume, TPE 1-10 salariés",achat d'étiquettes d'expédition,ShipStation;transporteurs;paiement,niche,faible,dashboard,20-80 €/mois si l'économie sur les frais est démontrée,2
B-077,Hausses de prix drastiques et support lent de l'outil e-commerce historique,"e-commerçant établi multi-canal, PME 5-30 salariés","gestion multi-canal e-commerce (stock, commandes)",Linnworks;marketplaces;boutique,niche,faible,dashboard,100-300 €/mois (en remplacement),2
B-078,Tickets support Cin7 ouverts plus de 2 mois sans aucune réponse,"dirigeant de PME e-commerce, 5-50 salariés",gestion de stock et support éditeur,Cin7;boutique;marketplaces,niche,faible,dashboard,100-300 €/mois (en remplacement),2
B-079,"Système de stock qui casse : syncs plateformes arrêtées, saisie et accès lents","gérant e-commerce multi-canal, PME 5-30 salariés",synchronisation stock/commandes multi-plateformes,Cin7;marketplaces;boutique (Shopify),niche,faible,dashboard,100-300 €/mois (en remplacement),2
C-005,Impossible de suivre qui travaille sur quoi au-delà de 50 employés,"directeur des opérations d'une société de services/agence, 50-200 salariés",staffing et allocation des ressources multi-projets,outil projet (Jira/Asana);calendrier;RH/temps,niche,fort,mixte,100-300 €/mois,2
C-014,Onboarding et offboarding employés en checklists manuelles éparpillées entre outils,"office manager / RH de PME, 20-100 salariés",onboarding/offboarding employés,SIRH;Google Workspace/M365;SaaS internes (IAM),generique,moyen,mixte,50-150 €/mois,2
C-018,Réconcilier des versions divergentes du même tableur occupe un poste entier,"chef de projet / responsable ops en PME-ETI pilotée par tableurs, 50-500 salariés",consolidation de données opérationnelles multi-auteurs,Excel/Google Sheets;Drive/SharePoint;email,generique,moyen,mixte,50-150 €/mois,2
C-021,Opérations pilotées par des god spreadsheets fragiles qui cassent en cascade,"dirigeant / responsable ops de PME pilotée sous Excel, 10-100 salariés",opérations et reporting pilotés par tableurs,Excel/Google Sheets;sources de données métier,generique,moyen,mixte,80-200 €/mois,2
C-025,Aucun POS n'est adapté aux besoins spécifiques des petites verticales retail,"commerçant indépendant (boutique, vendeur de marchés/salons), 1-10 salariés",encaissement et gestion boutique,POS;paiement;inventaire,niche,faible,dashboard,50-150 €/mois,2
C-027,Les patrons achètent les systèmes de gestion mais ne les utilisent pas,"patron de commerce / PME acheteur de logiciels, 5-50 salariés",achat et adoption d'outils de gestion,POS/outils de gestion existants,generique,faible,conversationnel,n/a (contrainte de design : l'outil doit être utilisable sans formation),2
C-033,"Capture de reçus : OCR défaillant, correction et classement manuels systématiques","indépendant / dirigeant de TPE gérant ses notes de frais, 1-10 salariés",capture et catalogage des reçus / notes de frais,photo/OCR;compta (QuickBooks/Pennylane);email,generique,fort,conversationnel,10-30 €/mois,2
C-037,"Contexte des écritures comptables perdu : reçus, approbations, mémoire des décisions","responsable comptable / bookkeeper de PME ou de cabinet, 5-50 salariés",tenue comptable et justification des écritures,compta;email;GED;banque,niche,fort,mixte,50-150 €/mois,2
C-039,"Facturer et se faire payer sans impayés, stress chronique du freelance","freelance / indépendant de services, solo",facturation et recouvrement client,facturation;banque;email,generique,moyen,conversationnel,10-30 €/mois,2
C-041,"Solopreneur incapable de maîtriser son temps, travaille en permanence","freelance / solopreneur, solo",gestion du temps et de la charge du solo-opérateur,calendrier;time tracking,generique,faible,conversationnel,0-15 €/mois,2
C-045,Marchands réticents à déléguer remboursements et cas limites à une IA,"e-commerçant Shopify, TPE 1-10 salariés","support client e-commerce (remboursements, cas limites)",Shopify;helpdesk;email,generique,moyen,mixte,30-100 €/mois,2
C-051,Propositions envoyées par email sans aucun signal d'ouverture ou de lecture,"dirigeant d'agence / prestataire de services B2B, 2-20 salariés",envoi et suivi des propositions commerciales,email;tracking de documents;CRM,generique,moyen,mixte,20-60 €/mois,2
C-059,Trois semaines de collecte Excel manuelle par étude de marché,"consultant / responsable marketing en PME, 1-50 salariés",études de marché et recherche concurrentielle,web/scraping;recherche (Linkup);Excel,generique,fort,conversationnel,50-150 €/mois,2
C-062,"SaaS verticaux PME invisibles sur Product Hunt, douleurs sous-marketées","fondateur de micro-SaaS vertical (méta-signal de sourcing, pas un acheteur final)",distribution et sourcing d'opportunités micro-SaaS,Product Hunt,generique,faible,dashboard,n/a (signal méta),2
D-020,Télésecrétaire payée pour prendre les rendez-vous de plusieurs cabinets médicaux,"praticien libéral multi-cabinets ou gérant de télésecrétariat médical, France, 1-10 salariés",prise de rendez-vous et accueil téléphonique médical,téléphonie;Doctolib/agenda;dossier patient,niche,moyen,conversationnel,200-500 €/mois,2
D-022,Office manager payé pour saisir notes de frais et suivre factures fournisseurs,"dirigeant de PME tertiaire (leasing, assurtech), France, 10-50 salariés",notes de frais et facturation fournisseurs,compta (Pennylane/Sage);email;banque;OCR,generique,fort,conversationnel,100-250 €/mois,2
D-028,Assistant payé pour monter les dossiers administratifs d'appels d'offres publics,"dirigeant de PME BTP répondant aux marchés publics, France, 10-50 salariés",réponse aux appels d'offres publics (pièces administratives),"plateformes AO (BOAMP, profils acheteurs);GED;attestations (URSSAF, fiscales)",niche,fort,conversationnel,150-400 €/mois,2
D-054,"Réceptionniste payé pour saisir et contrôler réservations, délogements et pointages","directeur d'hôtel indépendant, France, 10-50 chambres",contrôle des réservations et pointages hôteliers,PMS hôtelier;OTAs (Booking/Expedia);channel manager,niche,moyen,mixte,100-300 €/mois,2
D-055,"Assistant payé pour saisir devis, factures et pointer les règlements en TPE bâtiment","artisan / gérant de TPE du bâtiment, France, 2-10 salariés","devis, facturation et pointage des règlements",logiciel devis/factures BTP (Batappli/EBP);banque;email,niche,fort,conversationnel,100-250 €/mois,2
D-058,Gestionnaire payé pour traiter demandes d'intervention et sinistres des copropriétaires,"gérant de cabinet de syndic de copropriété, France, 5-30 collaborateurs","demandes d'intervention, ordres de service et suivi de sinistres en copropriété",logiciel syndic;email;artisans/prestataires;assurance,niche,fort,mixte,200-500 €/mois,2
E-004,Lancements et levées des concurrents découverts trois mois trop tard,"dirigeant / responsable marketing de PME B2B, France, 5-50 salariés",veille concurrentielle,recherche web (Linkup);presse;LinkedIn,generique,faible,mixte,30-80 €/mois,2
E-010,Des heures de copier-coller manuel pour extraire des prospects de Sales Navigator,"commercial / fondateur de PME B2B en prospection, France, 1-20 salariés",constitution de listes de prospection B2B,LinkedIn Sales Navigator (Unipile);CRM;enrichissement email,generique,moyen,conversationnel,50-150 €/mois,2
E-013,Réactions aux posts LinkedIn impossibles à convertir en liste de prospects,"fondateur / commercial en social selling LinkedIn, France, solo à 10 salariés",social selling LinkedIn vers pipeline commercial,LinkedIn (Unipile);CRM;enrichissement,generique,moyen,conversationnel,30-100 €/mois,2
E-082,Des heures de recherche manuelle pour identifier les influenceurs d'une niche Instagram,"responsable marketing de marque D2C / e-commerce, France, 1-20 salariés",sourcing d'influenceurs pour campagnes,scraping Instagram (Apify);email,generique,moyen,mixte,30-100 €/mois,2
E-088,Incapable de suivre ce qui marche sur TikTok dans sa niche,"responsable social media / marque D2C, France, 1-20 salariés",veille de tendances TikTok,scraping TikTok (Apify),generique,faible,mixte,20-60 €/mois,2
E-092,Pas le temps d'écouter ce que Reddit dit sans filtre du marché,"fondateur / product marketer de PME, France, 1-20 salariés",écoute de marché sur Reddit,scraping Reddit (Apify),generique,moyen,conversationnel,20-60 €/mois,2
E-094,Impossible d'analyser à la main les centaines d'avis d'un produit Amazon,"vendeur Amazon / e-commerçant, France, 1-10 salariés",analyse d'avis produits (étude concurrentielle e-commerce),scraping Amazon (Apify),generique,fort,conversationnel,20-80 €/mois,2
E-098,Campagnes publicitaires préparées sans visibilité sur les pubs des concurrents,"responsable acquisition / media buyer de PME e-commerce, France, 1-20 salariés",préparation de campagnes publicitaires (veille créative),Meta Ad Library (Apify);TikTok ads,generique,moyen,mixte,30-80 €/mois,2
E-099,Angles publicitaires testés à l'aveugle sans données de conversion,"responsable acquisition de PME e-commerce/D2C, France, 1-20 salariés",création et itération d'angles publicitaires,ad libraries (Apify);plateformes ads (Meta/TikTok),generique,fort,conversationnel,30-100 €/mois,2
A-001,Deals MCA gérés dans des tableurs éparpillés avec relances manuelles ingérables,"courtier/funder en merchant cash advance (US), 1-10 salariés",suivi de deals et d'échéanciers MCA,email;tableur;banque/paiements (ACH);CRM,niche,moyen,mixte,100-300 $/mois,1
A-002,Prélever automatiquement les clients abonnés sans courir après les paiements,"gérant de petite entreprise de services à abonnement mensuel, 1-10 salariés",encaissement récurrent des abonnements,paiement (Stripe/GoCardless);facturation;banque,generique,faible,dashboard,20-50 €/mois,1
A-003,"Leads perdus faute de suivi entre urgences, clients et équipe","patron de PME de services, 5-20 salariés",suivi des leads entrants,email;téléphone/SMS;CRM léger;agenda,generique,moyen,mixte,30-80 €/mois,1
A-004,Comptage de caisse quotidien chronophage et source d'erreurs,"gérant de commerce physique, 1-10 salariés",clôture de caisse quotidienne,POS;banque,niche,faible,dashboard,20-50 €/mois,1
A-005,Doc interne cherchable voulue sans licence supplémentaire hors Microsoft 365,"dirigeant / office manager de PME sous M365, 10-50 salariés",documentation interne et recherche de connaissances,Microsoft 365 (SharePoint/OneDrive/Teams),generique,fort,conversationnel,0-30 €/mois (sensibilité prix forte),1
A-006,Petit e-commerçant sans suivi d'inventaire simple avec scan code-barres,"petit e-commerçant, solo à 5 salariés",suivi d'inventaire de boutique en ligne,boutique (Shopify/Woo);scan mobile;tableur,niche,faible,dashboard,10-40 €/mois,1
A-007,"Aucun outil solopreneur ne combine bien paiements, CRM et automatisation","solopreneur de services (créatif, coaching, événementiel), solo","gestion client bout-en-bout du solopreneur (devis, paiement, suivi)",paiement;email;CRM;calendrier;e-signature,generique,moyen,mixte,30-70 €/mois,1
A-008,Traiter des téraoctets de rushes 4K pour les banques d'images,"vidéaste stock footage indépendant, solo",préparation et upload de rushes vers les banques d'images,stockage local/cloud;banques d'images (Shutterstock/Getty);outils vidéo,niche,faible,dashboard,20-60 €/mois,1
A-009,"Suivi manuel des échéances, paiements et clauses de contrats","dirigeant / DAF de PME, 10-100 salariés",gestion du cycle de vie des contrats,GED/Drive;email;calendrier,generique,fort,mixte,50-150 €/mois,1
A-010,Gérer proprement des soldes prépayés clients dans un salon,"gérante de salon (coiffure/beauté), 1-10 salariés",encaissement et soldes prépayés clients,POS/logiciel de salon;paiement,niche,faible,dashboard,20-50 €/mois,1
A-011,"Documents financiers éparpillés entre emails et cloud, pièces introuvables","dirigeant de PME sans GED, 5-50 salariés",classement et recherche des pièces financières,email;Drive/OneDrive;compta;OCR,generique,fort,conversationnel,30-80 €/mois,1
A-012,Volatilité des devises et 4% de frais bancaires rongent les marges export,"dirigeant de PME exportatrice, 5-50 salariés",encaissements internationaux et gestion du change,banque;paiement multi-devises (Wise/fintech),generique,faible,dashboard,"pas un abonnement : disposition à payer ~0,5-1% du volume en frais réduits",1
A-013,"Vérification manuelle des permis sales tax État par État, très chronophage","dirigeant ou responsable compta de PME e-commerce US multi-états, 1-20 salariés",conformité fiscale sales tax multi-états,portails fiscaux des États (scraping);registre interne des permis;tableur,niche,moyen,mixte,50-100 €/mois,1
A-014,Consolidation multi-plateformes des analytics social media sans insight actionnable,"gérant ou marketeur solo de PME, 1-20 salariés",reporting marketing social media,APIs Meta/Instagram;LinkedIn;TikTok;X,generique,fort,mixte,20-50 €/mois,1
A-015,Partager un calculateur interactif type Excel avec des clients sans compte,"consultant ou gérant de PME de services, 1-10 salariés",partage d'outils de calcul avec les clients,tableur (import Excel);hébergement web;email,generique,faible,dashboard,10-30 €/mois,1
A-016,"Facturation à jalons avec relances automatiques par échéance, mal couverte","gérant de PME de services facturant à jalons, 1-20 salariés",facturation échelonnée et relances d'impayés,"facturation/compta (QuickBooks, Stripe);email;import Excel",generique,moyen,mixte,30-60 €/mois,1
A-017,Évaluation logicielle en équipe noyée dans emails et versions de spreadsheets,"dirigeant ou responsable ops de PME, 10-50 salariés",évaluation et achat de logiciels,email;tableur;comparateurs logiciels (scraping),generique,moyen,mixte,20-50 €/mois,1
A-018,Mapping manuel de contrôles compliance multi-référentiels cassé à chaque changement réglementaire,"dirigeant de MSP avec offre compliance/vCISO, 5-50 salariés",mapping de contrôles de conformité multi-référentiels,"référentiels (NIST, ISO, CIS);outil GRC;tableur",niche,fort,mixte,100-300 €/mois,1
A-019,"Bascule manuelle entre 125 tenants Microsoft, Lighthouse trop limité en solo",consultant M365 solo gérant un parc multi-tenants (125 tenants),administration multi-tenants Microsoft 365,Microsoft Graph;Partner Center;Entra ID,niche,fort,mixte,50-150 €/mois,1
A-020,Synchronisation manuelle des configurations NinjaRMM vers ConnectWise pour 100+ clients,"responsable ops de MSP, 10-50 salariés, 100+ clients",synchronisation RMM vers PSA (documentation clients),API NinjaRMM;API ConnectWise,niche,moyen,dashboard,100-250 €/mois,1
A-021,Migration manuelle poste par poste des comptes locaux vers Entra,"technicien ou gérant de MSP migrant des TPE vers M365 Business Premium, 1-20 salariés",migration de postes vers Entra ID / M365,Entra ID / Microsoft Graph;outillage poste Windows (scripts),niche,faible,dashboard,50-100 €/mois,1
A-023,"Rédaction manuelle de Statements of Work, longue et avec oublis de périmètre","dirigeant ou avant-vente de MSP, 5-30 salariés",chiffrage et rédaction de SoW/devis projets,PSA (ConnectWise);bibliothèque de templates;CRM,niche,fort,conversationnel,50-150 €/mois,1
A-025,Export unitaire de 794 boîtes mail depuis un portail Datto lent,"technicien ou gérant de MSP, 5-30 salariés",sortie/migration de backups SaaS M365,API Datto SaaS Protection;Microsoft 365,niche,faible,dashboard,"0-50 €/mois (besoin ponctuel, paiement à l'usage plus plausible)",1
A-026,Vérification manuelle client par client du départ offsite des backups,"gérant de petit MSP, 1-10 salariés",supervision quotidienne des backups clients,APIs backup (StorageCraft);stockage cloud (Wasabi);email/alerting,niche,faible,dashboard,50-100 €/mois,1
A-027,Configuration répétitive de 25+ iPads partagés avec les mêmes réglages,"technicien de MSP ou IT manager gérant une flotte de tablettes partagées, 1-20 salariés",provisioning MDM de flottes de tablettes partagées,Apple Business Manager;MDM,niche,faible,dashboard,30-80 €/mois,1
A-028,Suivi et refacturation cloud O365/Azure multi-clients douloureux et non rentable,"gérant de petit MSP revendeur cloud, 1-15 salariés",refacturation cloud multi-clients,Microsoft Partner Center;PSA/compta;facturation,niche,moyen,mixte,100-200 €/mois,1
A-029,"Standardisation manuelle du poste Windows (layout, menu, programmes) par utilisateur","technicien de MSP déployant des postes Windows standardisés, 1-20 salariés",standardisation de postes Windows à l'onboarding,Intune;GPO/scripts Windows,niche,faible,dashboard,20-50 €/mois,1
A-030,"Documentation MSP limitée hors du basique : IPAM pauvre, recherche insuffisante","gérant ou technicien de MSP, 5-30 salariés","documentation technique clients (IPAM, procédures, assets)",Hudu/documentation;RMM;réseau (IPAM),niche,moyen,mixte,50-150 €/mois,1
A-032,"Provisioning manuel des licences, source d'erreurs de facturation et de ratés","responsable ops de MSP, 5-30 salariés",gestion et refacturation des licences logicielles clients,Microsoft Partner Center;distributeurs (Pax8);PSA,niche,moyen,mixte,100-200 €/mois,1
A-033,Stack cybersécurité fragmentée entre six familles d'outils et autant de vendors,"dirigeant de MSP/MSSP, 10-50 salariés",pilotage de la stack cybersécurité managée,SIEM;EDR;scanner vuln;IAM;sécurité email,niche,faible,dashboard,200-500 €/mois,1
A-034,Reconnaissance de revenus de frais de scolarité ingérable dans Excel,"comptable ou DAF d'établissement d'enseignement privé en croissance, 20-200 salariés",clôture comptable et reconnaissance de revenus (rev rec),Xero;système de gestion de scolarité;tableur,niche,moyen,mixte,100-200 €/mois,1
A-036,Réconciliation quotidienne paiements/POS faussée par des horaires de batch décalés,"comptable de commerce ou restauration multi-sites, PME 10-100 salariés",réconciliation quotidienne paiements / caisse,processeur de paiement;POS/caisse;compta,niche,moyen,mixte,50-150 €/mois,1
A-037,Expert-comptable solo jonglant entre cinq plateformes non intégrées,expert-comptable solo (cabinet unipersonnel),practice management de cabinet comptable solo,compta;e-signature;drive/GED;email;tableur,niche,moyen,mixte,50-100 €/mois,1
A-038,"Analyse de fichiers comptables de plusieurs millions de lignes, Excel s'écroule","comptable ou analyste en cabinet/PME manipulant de gros volumes, sans compétence SQL",analyse de données comptables volumineuses,fichiers CSV/Excel;moteur de requête local (type DuckDB),generique,fort,conversationnel,20-50 €/mois,1
A-039,Rédaction de fiches de poste chronophage et au résultat décevant,"recruteur in-house de PME/ETI, 50-500 salariés",rédaction et publication de fiches de poste,ATS;job boards;bibliothèque de JD,niche,fort,conversationnel,20-50 €/mois,1
A-040,"Suivi de 75-100 candidats et 15-20 credentials chacun, charge admin écrasante","recruteur en staffing healthcare (credentialing), agence 2-20 consultants",credentialing et suivi administratif des candidats healthcare,ATS;email;bases de vérification de credentials,niche,moyen,mixte,100-200 €/mois,1
A-041,Base candidats d'ATS si pauvre que les notes retombent dans des spreadsheets,"consultant d'agence de recrutement, 2-15 consultants",gestion de la base candidats et des notes d'entretien,ATS;email;tableur,niche,moyen,mixte,50-100 €/mois,1
A-043,"Sourcing de leads business : éplucher Indeed, qualifier, rechercher, saisir au CRM","gérant d'agence de recrutement, 1-10 consultants",prospection commerciale de mandats de recrutement,"job boards (Indeed, scraping);LinkedIn;CRM (Pipedrive);enrichissement entreprise",niche,fort,mixte,100-200 €/mois,1
A-044,Création et gestion manuelles d'un repo GitHub par candidat pour take-homes,"responsable technique ou recruteur tech de startup/scale-up, 10-100 salariés",logistique des tests techniques candidats,API GitHub;ATS;email,niche,moyen,conversationnel,20-50 €/mois,1
A-045,Planification des appels de référence en allers-retours d'emails sans fin,"recruteur en agence ou in-house, 1-20 consultants",prise de références candidats (scheduling tiers),calendrier;email,niche,moyen,mixte,10-30 €/mois,1
A-046,Agence de staffing médical ralentie par six outils non intégrés,"dirigeant d'agence de staffing healthcare, 5-30 salariés","opérations de staffing médical (planning, dossiers, contrats)",planning (Deputy);CRM (Zoho);Google Sheets;e-signature;téléphonie,niche,moyen,mixte,200-400 €/mois,1
A-047,"ATS du marché pensés in-house, inadaptés au fonctionnement d'une agence","dirigeant d'agence de recrutement, 2-20 consultants",gestion des mandats et placements en agence,email;LinkedIn;job boards;CRM,niche,moyen,mixte,100-300 €/mois,1
A-048,"ATS enterprise sur-compliqués, bourrés de fonctions inutiles, pénibles à naviguer","recruteur ou TA manager en entreprise, 100-1000 salariés",gestion quotidienne du pipeline de recrutement,ATS;email;calendrier,niche,moyen,mixte,50-150 €/mois,1
A-050,"Onboarding paie ADP : spreadsheets manuels, appels interminables, 3500 £ de résiliation","responsable RH de PME UK, 20-100 salariés",migration et onboarding de solution de paie,paie;SIRH;tableur,niche,faible,dashboard,50-150 €/mois,1
A-052,Comp review annuel de 700 personnes sur formules Excel maison,"responsable comp & benefits d'ETI, 500-1000 salariés",campagne annuelle de révision salariale et bonus,SIRH;paie;tableur,niche,moyen,dashboard,200-500 €/mois,1
A-053,Suivi des documents d'onboarding des nouveaux embauchés qui échappe au spreadsheet,"coordinateur RH de PME, 50-200 salariés",collecte des documents d'onboarding salarié,SIRH;email;e-signature;drive,niche,moyen,mixte,30-80 €/mois,1
A-054,"Self-billing assureur benefits très manuel, avec erreurs de facturation récurrentes","benefits administrator RH d'ETI US, 200-1000 salariés",réconciliation mensuelle des factures d'assurance benefits,fichiers assureur;paie/SIRH;tableur,niche,moyen,mixte,50-150 €/mois,1
A-055,"Classement des pièces jointes email de chantier (RFI, avenants, plans) très chronophage","conducteur de travaux ou gérant de PME BTP, 5-50 salariés",gestion documentaire de chantier depuis l'email,email;drive/GED;outil de gestion de chantier,niche,fort,mixte,50-100 €/mois,1
A-056,"Entreprise BTP à 5M+ de CA sans système, tout dans la tête du dirigeant","entrepreneur BTP en croissance, 5-15 salariés, 5M+ de CA",pilotage global des chantiers et de l'entreprise,devis;compta;planning;email,niche,moyen,mixte,100-300 €/mois,1
A-059,Affectation matériaux et main-d'oeuvre par chantier perdue entre trois outils,"gérant de sous-traitance BTP, 2-10 salariés",suivi de coûts par chantier (job costing),QuickBooks;QB Time;outil de devis (Stack),niche,moyen,mixte,50-150 €/mois,1
A-061,Consolidation manuelle de données pour évaluer des marchés immobiliers hors État,"investisseur immobilier locatif US (particulier ou semi-pro, out-of-state)",sélection de marché avant investissement locatif,données marché immobilier (Zillow/portails);données démographiques publiques;scraping,niche,fort,conversationnel,20-50 €/mois,1
A-064,Bailleur 100+ lots cherchant à automatiser au-delà des limites d'AppFolio,"bailleur ou gestionnaire immobilier, portefeuille 100+ lots",gestion locative courante d'un portefeuille,AppFolio;email/SMS;paiements;maintenance,niche,moyen,mixte,200-500 €/mois,1
A-066,Créateur de services à domicile perdu sur pricing et choix logiciel,"créateur d'entreprise de services à domicile, solo",structuration initiale : pricing et outillage,outil de field service (Jobber);compta;données de prix marché,niche,moyen,conversationnel,20-50 €/mois,1
A-067,"Chiffrage et takeoff, point noir d'une menuiserie commerciale en lancement","fondateur de menuiserie commerciale B2B, 1-5 salariés",chiffrage et takeoff de devis menuiserie,plans (PDF);bibliothèque de prix matériaux;devis/facturation,niche,fort,mixte,100-200 €/mois,1
A-068,"Solo home services : booking, facturation et créneaux par zone géographique introuvables",artisan/prestataire de services à domicile solo,prise de rendez-vous et tournées géographiques,calendrier;paiement;cartographie (maps),niche,moyen,mixte,20-50 €/mois,1
A-069,"Charge admin du salon (réservations, paiements, comms) qui tue la productivité","gérante de salon (beauté/coiffure), 1-5 personnes",gestion des réservations et de la relation client du salon,Square;Google Calendar;SMS/email,niche,moyen,mixte,30-80 €/mois,1
A-070,Entreprise de ménage en croissance sans stack pour bookings et intervenantes,"gérant d'entreprise de ménage en croissance, 5-20 intervenants",dispatch des interventions et gestion des équipes de ménage,planning;paiement;SMS;CRM (GHL),niche,moyen,mixte,50-150 €/mois,1
A-071,"Panne de 4h30 de l'outil de booking, réservations et revenus perdus","gérant d'entreprise de ménage/services à domicile, 1-20 salariés",prise de réservations en ligne,plateforme de booking;paiement,niche,faible,dashboard,30-80 €/mois,1
A-072,Passage de solo à sous-traitants sans logiciel ni process d'équipe,"gérant d'entreprise de ménage passant en sous-traitance, 1-10 intervenants",structuration du dispatch et de la gestion de sous-traitants,planning;paiement sous-traitants;SMS,niche,moyen,mixte,50-100 €/mois,1
A-073,"Analytics Shopify fastidieux en spreadsheets, outils clés en main trop rigides","marchand Shopify, 1-10 salariés",analyse des ventes et de la performance e-commerce,"API Shopify;plateformes ads (Meta, Google);tableur",niche,fort,mixte,30-80 €/mois,1
A-074,"Provisioning et renouvellement manuels des abonnements vendus, intenables à volume","vendeur d'abonnements en ligne, solo à 5 personnes",provisioning et cycle de vie des abonnements clients,paiement (Stripe);plateforme de comptes/licences;email,niche,faible,dashboard,30-80 €/mois,1
A-075,"Compte Stripe gelé sans préavis, 145 000 $ de payouts bloqués","e-commerçant dépendant d'un PSP unique, 1-20 salariés","gestion du risque prestataire de paiement (holds, gel de compte)",Stripe;PSP alternatifs;compta,generique,faible,dashboard,50-100 €/mois,1
A-076,"Chargeback de 1675 $ d'un client satisfait, dossier de contestation à monter","e-commerçant PME, 1-20 salariés",contestation de chargebacks (representment),processeur de paiement (Stripe);commandes (Shopify);preuves de livraison (transporteur),generique,fort,conversationnel,30-100 €/mois,1
A-077,adresse retours eBay sans exposer son domicile ni payer une PO box,"auto-entrepreneur vendeur eBay/e-commerce, solo",logistique des retours e-commerce,eBay;service d'adresse virtuelle;transporteurs,generique,faible,dashboard,10-20 €/mois,1
A-078,aucune visibilité sur les colis retournés gérés par le partenaire fulfillment,"gérant de boutique e-commerce externalisant le fulfillment, TPE 1-10",reverse logistics / suivi des retours,tracking transporteurs;API 3PL/fulfillment;email,niche,faible,dashboard,30-60 €/mois,1
A-080,facturation et gestion client éclatées entre 4 outils non intégrés,"dirigeant d'agence marketing mid-size, 10-50 personnes",facturation client et suivi des encaissements,QuickBooks;HubSpot;Stripe;Bill.com,niche,moyen,mixte,100-200 €/mois,1
A-082,handoffs inter-équipes créent des goulots sans process transverse outillé,"dirigeant ou directeur des opérations d'agence créative, 20-100 personnes",production créative multi-équipes (handoffs),outils PM (Monday/Asana);Slack;outils de validation créa;DAM,niche,moyen,dashboard,100-300 €/mois,1
A-086,contrats de prestation solides sans payer un avocat à chaque client,"freelance/petite agence multi-services, 1-5 personnes",contractualisation client (contrats de prestation),bibliothèque de templates juridiques;e-signature;CRM,generique,fort,conversationnel,20-50 €/mois,1
A-087,"checklists de service non complétées, tâches de shift esquivées sans détection","gérant de restaurant indépendant, 10-30 employés",tâches d'ouverture/fermeture et accountability des shifts,planning équipe (type 7shifts/Combo);mobile;notifications,niche,faible,dashboard,30-80 €/mois,1
A-088,"suivi financier du restaurant sur spreadsheets inefficace, aucune visibilité","patron de restaurant indépendant, 1 établissement","suivi P&L, food cost et trésorerie du restaurant",caisse (POS);compta;factures fournisseurs,niche,moyen,mixte,100-200 €/mois,1
A-089,système intégré caisse + inventaire pour très petit commerce mixte,"gérant de commerce mixte épicerie-restaurant en zone rurale, moins de 10 employés",encaissement et gestion d'inventaire,POS;catalogue fournisseurs;codes-barres,niche,faible,dashboard,50-100 €/mois,1
A-091,stack restauration de 5 outils à réconcilier manuellement,"gérant de pizzeria/restaurant indépendant, 1-2 établissements",opérations quotidiennes multi-outils du restaurant,Square;Gusto;QuickBooks;MarginEdge;Uber Eats,niche,moyen,mixte,100-200 €/mois,1
A-092,saisie inventaire et comptes multi-sites déborde le manager en rush,"gérant de restaurants multi-sites, 2 établissements",saisie d'inventaire et de comptes multi-sites,POS;factures fournisseurs (OCR);compta,niche,fort,mixte,100-250 €/mois,1
A-093,"analyser ses dépenses après export bancaire, aucun outil simple",particulier FR gérant ses finances personnelles (profil r/vosfinances),analyse de budget personnel post-export bancaire,exports bancaires CSV;agrégateur bancaire (Bridge/Powens),generique,fort,conversationnel,5-10 €/mois,1
A-094,"agrégation de portefeuille multi-courtiers UE inexistante, saisie manuelle",investisseur particulier FR multi-courtiers (UE),agrégation et suivi de portefeuille multi-courtiers,exports/APIs courtiers;données de marché,generique,moyen,mixte,10-20 €/mois,1
A-095,"modéliser le cashflow multi-biens locatifs, comptable à 390 € la simulation",investisseur immobilier locatif FR multi-biens (particulier ou SCI),modélisation cashflow d'un patrimoine locatif,données bancaires;paramètres fiscaux FR;Excel,niche,fort,mixte,20-50 €/mois,1
A-096,"double saisie facturation vers Excel, compta d'auto-entrepreneur éclatée","auto-entrepreneur/freelance FR, solo",facturation et compta d'auto-entrepreneur,facturier;banque;URSSAF,generique,fort,conversationnel,10-20 €/mois,1
A-097,"soumission manuelle du SaaS aux annuaires, longue et truffée d'erreurs",founder solo de micro-SaaS,lancement produit / soumission aux annuaires,annuaires SaaS (formulaires);site produit,generique,moyen,conversationnel,50-100 € one-shot,1
A-098,veille manuelle de mots-clés Reddit pour trouver des leads,founder solo / growth marketer de micro-SaaS,prospection par social listening,Reddit API;mots-clés;CRM,generique,moyen,mixte,20-50 €/mois,1
A-100,"caviardage manuel de PDF épuisant, outils automatiques imprécis","juriste/paralegal ou responsable conformité manipulant des documents sensibles, cabinet ou PME",caviardage/anonymisation de documents avant diffusion,PDF;OCR;stockage documentaire,generique,fort,conversationnel,30-80 €/mois,1
A-101,freelances et nouveaux devinent le ton de marque et se trompent,"responsable marketing/brand de PME ou d'agence, 5-50 personnes",production de contenu conforme à la marque,brand guidelines;documents existants;CMS,generique,fort,conversationnel,20-50 €/mois,1
A-102,frais cachés VOIP doublent le forfait annoncé,gérant de TPE utilisant une ligne pro VOIP,téléphonie d'entreprise,VOIP,generique,faible,dashboard,10-15 €/mois,1
A-103,pubs sociales ne génèrent que des clics de bots,founder solo faisant de l'acquisition payante (Reddit/X/Meta),acquisition payante / protection anti-fraude au clic,Reddit Ads;Meta Ads;X Ads;analytics,generique,faible,dashboard,30-100 €/mois,1
B-010,SMS candidats via ATS exige un service tiers payant non annoncé,"dirigeant d'agence de recrutement, 2-15 consultants",communication SMS avec les candidats,ATS (Zoho Recruit);SMS/RingCentral,niche,moyen,mixte,30-80 €/mois,1
B-015,app mobile ATS trop limitée pour travailler en déplacement,"recruteur terrain en agence de recrutement, 2-15 consultants",gestion candidats en mobilité,ATS/CRM recrutement (Recruit CRM),niche,fort,conversationnel,30-60 €/mois,1
B-019,"prélèvement locataire supprimé par erreur système, re-saisie manuelle imposée","gestionnaire de biens locatifs (property manager), agence 1-10 personnes",encaissement des loyers,logiciel de gestion locative (Buildium);paiements/prélèvements;banque,niche,faible,dashboard,50-100 €/mois,1
B-029,aucune piste d'audit des emails et modifications de données clients,"gérant d'entreprise de field service, 5-20 techniciens",traçabilité des communications et modifications de données clients,FSM (Jobber);email;logs,niche,faible,dashboard,30-80 €/mois,1
B-030,coûts des jobs issus d'intégrations absents du job costing,"contractor/artisan field service, 1-10 personnes",job costing / rentabilité par chantier,FSM (Jobber);marketplaces de leads (Thumbtack);compta,niche,moyen,mixte,30-80 €/mois,1
B-037,impossible d'illustrer les ouvrages des devis BTP avec des photos,"artisan BTP FR, 1-10 personnes",chiffrage et présentation des devis BTP,logiciel devis BTP (Obat);bibliothèque d'ouvrages;photos,niche,moyen,mixte,20-50 €/mois,1
B-041,pas de règles automatiques d'affectation comptable dans le plan de base,indépendant FR tenant sa compta sur Pennylane,catégorisation comptable des transactions,Pennylane;banque,generique,fort,conversationnel,10-30 €/mois,1
B-043,encaissement de chèques plafonné puis facturé 2 € pièce,"commerçant FR encaissant beaucoup de chèques, TPE",encaissement de chèques,compte pro/banque (Tiime),niche,faible,dashboard,10-20 €/mois,1
B-045,"compta inadaptée aux PME multi-sites, pas de connecteurs ERP","dirigeant/DAF de PME multi-sites FR, 20-100 personnes",consolidation comptable multi-sites,ERP;compta;facturation électronique,generique,moyen,dashboard,100-300 €/mois,1
B-059,remboursement après erreur de l'app : un mois d'attente support,restaurateur indépendant utilisant une plateforme de réservation,gestion des réservations et incidents de paiement,plateforme de réservation (Zenchef);paiement,niche,faible,dashboard,20-50 €/mois,1
B-062,problème bloquant sans résolution support pendant plus de 2 mois,"manager de restaurant utilisant un planning RH (Combo), 10-50 salariés",planning RH restauration,planning RH (Combo),niche,faible,dashboard,30-60 €/mois,1
B-063,pas de gestion automatisée des congés payés dans le planning RH,"gérant de restaurant FR, 5-30 salariés",gestion des congés payés / préparation paie,planning RH (Combo);paie;règles CP légales FR,niche,moyen,mixte,30-80 €/mois,1
B-064,tarification non ajustée au nombre réel d'employés suivis,"gérant de restauration multi-sites, 20-100 salariés",gestion des abonnements SaaS RH,planning RH (Combo),generique,faible,dashboard,"n/a (douleur de pricing, pas de produit dédié)",1
B-076,automatisation d'inventaire incluse devenue add-on payant à 19 $/mois,"e-commerçant multi-canal, TPE 1-10",synchronisation de stock multi-canal,Veeqo;marketplaces;boutique en ligne,niche,faible,dashboard,15-30 €/mois,1
B-080,"valorisation de stock fausse, les ventes ne déduisent pas le coût","responsable ops e-commerce, PME 10-50",valorisation de stock et calcul du COGS,gestion de stock (Cin7);compta,niche,moyen,dashboard,50-150 €/mois,1
C-001,"rédaction et signature des contrats fournisseurs, plus gros goulot interne","responsable achats/ops en PME pharma, 50-250 personnes",contractualisation fournisseurs (SOW),templates juridiques;e-signature;ERP achats;email,generique,fort,mixte,100-300 €/mois,1
C-002,deux mois de procédure pour acheter un SaaS à 11 $/mois,responsable IT/achats en organisation publique,achat et approbation de SaaS (procurement public),procurement;juridique;facturation,generique,moyen,mixte,50-150 €/mois,1
C-003,aucun outil pour tracker les étapes d'onboarding d'un nouveau client,"gérant de PME d'hébergement/services managés, 5-20 personnes",onboarding client (checklist/runbook),CRM;email;runbooks internes,generique,fort,mixte,30-80 €/mois,1
C-004,instructions d'installation retapées à chaque nouveau site client,"responsable technique d'un éditeur/intégrateur logiciel, PME 10-50",provisioning/installation par client,documentation interne;accès distant;scripts,generique,moyen,conversationnel,50-150 €/mois,1
C-006,screening téléphonique répétitif des vagues saisonnières de contractors,"responsable recrutement d'une entreprise à embauches saisonnières, 50-500 personnes",préqualification téléphonique de candidats en volume,ATS;téléphonie;calendrier;formulaires,generique,fort,conversationnel,100-300 €/mois en saison,1
C-007,assemblage manuel docs + Excel + graphiques dans InDesign pour rapports,"chargé de production documentaire en cabinet d'études/conseil, 5-50 personnes",production de rapports brandés récurrents,Word/Excel;générateur de graphiques;templates PDF,generique,fort,conversationnel,50-150 €/mois,1
C-008,cotation de fret manuelle interrompt le cycle de vente,dirigeant/commercial de PME vendant de l'équipement lourd (agroalimentaire et spiritueux),cotation de fret palette intégrée au cycle de vente,APIs transporteurs/3PL;CRM;grilles tarifaires,niche,fort,conversationnel,100-300 €/mois,1
C-009,retrouver le bon précédent juridique repose sur la mémoire humaine,"avocat/associé en cabinet d'affaires, 10-100 personnes",assemblage de documents juridiques depuis des précédents,DMS;bibliothèque de templates;versioning,niche,fort,conversationnel,100-300 €/mois,1
C-010,CGU et politique de confidentialité longues et coûteuses via avocat,fondateur de startup/TPE web,rédaction des documents légaux du site,templates juridiques;générateur de documents,generique,fort,conversationnel,50-200 € one-shot,1
C-012,devis PDF self-service impossible depuis le formulaire de commande,dirigeant de PME e-commerce B2B,génération de devis B2B self-service,catalogue/formulaire de commande;PDF;CRM,generique,moyen,dashboard,30-80 €/mois,1
C-013,calcul manuel des remboursements avec étape de vérification,responsable back-office/ops d'une PME de services,calcul et validation de remboursements,billing;paiements;CRM,generique,fort,conversationnel,30-80 €/mois,1
C-016,"reporting client produit par impression, ciseaux et photocopie","gérant de société de support technique, TPE 5-20",production du reporting client,ticketing/monitoring;templates PDF;email,generique,fort,conversationnel,30-80 €/mois,1
C-017,"ouvrir un compte bancaire US depuis l'étranger, effort absurde",fondateur non-résident créant une société US,ouverture de compte bancaire US non-résident,KYC;banques US,generique,faible,mixte,100-300 € one-shot,1
C-019,coordination de l'usine entière via un seul Excel partagé,"responsable ops/production en PME industrielle, 50-250 personnes",coordination production-achats-ventes inter-services,Excel;ERP;email fournisseurs,generique,moyen,mixte,100-300 €/mois,1
C-020,"milliers de bases Access fantômes, migration sans fin","DSI/responsable data de grande entreprise (banque, 1000+ salariés)",rationalisation du shadow-IT (Access/Excel),Access;Excel;plateformes low-code,generique,faible,dashboard,500+ €/mois (deal enterprise),1
C-022,"tableurs inutilisables sur mobile, disposition à payer explicite","professionnel nomade travaillant sur tableurs (indépendants/TPE, transverse)",consultation et édition de données tabulaires en mobilité,Google Sheets;Excel;bases de données,generique,fort,conversationnel,5-15 €/mois,1
C-023,desk options tourne sur du VBA de 1998 fragile et non maintenable,"responsable middle-office / IT d'un desk de trading d'options, société financière 10-100 personnes","traitement middle-office des opérations sur options (calculs, rapprochements, reporting)",Excel/VBA legacy;systèmes de marché;référentiels internes;compliance,niche,faible,dashboard,"500-1500 €/mois (budget IT finance), mais cycle de vente compliance lourd",1
C-026,"le POS doit s'intégrer à tout le back-office retail, rien ne communique","gérant de commerce de détail indépendant, 1-10 salariés","encaissement et back-office retail (stock, achats, compta)",POS;gestion de stock;comptabilité;catalogues fournisseurs,niche,faible,dashboard,80-150 €/mois,1
C-028,logiciel d'admin des contrôles d'accès biométriques de bureau catastrophique,"office manager / responsable des services généraux, PME de bureau 5-50 salariés","administration des accès bureaux (badges, empreintes, droits)",SDK matériel biométrique;annuaire RH;export logs,niche,faible,dashboard,20-50 €/mois,1
C-029,"pénurie de comptables, cabinet saturé sur la production courante","associé de petit cabinet d'expertise comptable (contexte US), 2-20 collaborateurs","production comptable courante (tenue, révision, déclarations)",logiciels compta (QuickBooks/Xero);flux bancaires;email;documents clients,niche,fort,mixte,200-500 €/mois par cabinet,1
C-030,atelier local ne peut pas traiter ni chiffrer les demandes CNC sur mesure,"gérant de scierie ou petit atelier d'usinage/menuiserie local, 1-10 salariés",prise de demande et chiffrage de devis de pièces sur mesure,email;fichiers plans/CAO;tarifs matières;calendrier atelier,niche,fort,conversationnel,50-100 €/mois,1
C-031,"outil niche racheté puis abandonné, utilisateurs orphelins (signal sourcing)",utilisateur pro d'un produit niche racheté (tout métier) — signal de sourcing plus qu'un acheteur unique,variable — dépend du produit orphelin (signal de stratégie de sourcing),dépend du produit remplacé,generique,faible,mixte,"équivalent à l'abonnement du produit abandonné (signal, pas une douleur achetable en soi)",1
C-032,back-office MSP tenu par des intégrations cousues main par consultant,"dirigeant de MSP / PME de services IT, 5-50 salariés",intégration du back-office (ticketing → facturation → compta → paie),PSA/ticketing;Xero;ERP;paie;APIs diverses,niche,moyen,mixte,100-250 €/mois,1
C-035,aucune traçabilité des accès aux biens immobiliers via lockbox,"agent immobilier ou gestionnaire locatif (contexte US), agence 1-20 personnes","gestion des accès aux biens (visites, interventions, livraisons)",hardware IoT (lockbox caméra/micro);calendrier;SMS/notifications,niche,faible,dashboard,20-40 €/mois par agent (+ hardware),1
C-038,"factures envoyées au mauvais moment et mauvais format, paiements retardés","freelance ou dirigeant de petite agence de services, 1-10 personnes","facturation client et recouvrement (timing, format, relances)",facturation (Stripe/QuickBooks);email;CRM,generique,fort,conversationnel,20-50 €/mois,1
C-040,suivi des freelances payés 600$+ et de leurs formulaires 1099 pénible,"gérant de petite entreprise US employant des contractors, 1-20 salariés",paiement des freelances et administration fiscale (1099),banque/paiements;comptabilité;e-file IRS;email,generique,moyen,mixte,30-60 €/mois,1
C-046,"3e ticket du même client, l'agent support n'a aucun contexte","gérant de boutique Shopify avec support partagé, 1-10 personnes",support client e-commerce (continuité de contexte entre tickets),Shopify;helpdesk (Gorgias/Zendesk);email,niche,fort,conversationnel,40-80 €/mois,1
C-048,connexion Shopify-ERP réclamée (+172% de recherches),"responsable opérations d'un e-commerçant Shopify équipé d'un ERP, 10-100 salariés",synchronisation commandes/stocks/factures Shopify ↔ ERP,Shopify API;ERP (Sage/Dynamics/SAP B1);comptabilité,niche,faible,dashboard,100-300 €/mois,1
C-049,équipe boutique sans alertes commandes temps réel ni assignation de tâches,"gérant de boutique Shopify avec équipe magasin/logistique, 3-20 personnes","coordination interne des équipes boutique (alertes commandes, tâches)",Shopify;messagerie équipe (Slack/WhatsApp);gestion de tâches,niche,faible,dashboard,30-80 €/mois,1
C-050,"feedback clients d'agence éparpillé, besoin d'un portail white-label sans compte","dirigeant de petite agence web/marketing, 2-15 personnes",recueil et centralisation du feedback client sur les livrables,email;Slack;outil projet;partage de liens sans compte,niche,moyen,dashboard,50-100 €/mois,1
C-052,"SaaS corporate learning 3,6M$ vendu faute de temps fondateur (signal)","fondateur de SaaS vertical corporate learning, équipe 1-5 — signal de marché (vertical solvable, plafond fondateur)",opérations de formation en entreprise (marché sous-jacent) — signal de sourcing,LMS;RH/SIRH;contenu formation,generique,faible,mixte,"non applicable (signal de marché, pas une douleur achetable directement)",1
C-053,"hybride SaaS/agence 1,25M$ plafonne sur la bande passante fondateur (signal)","fondateur d'hybride service+logiciel, équipe 1-10 — signal de marché","modèle hybride service+logiciel (signal structurel, pas un workflow acheteur)",dépend du vertical servi,generique,faible,mixte,non applicable (signal de marché),1
C-054,"suite no-code immobilier 842K$ vendue à 2,0x, workflows agents mal résolus (signal)","agent/professionnel de l'immobilier (marché sous-jacent), agences 1-20 personnes — signal via listing Acquire",workflows quotidiens des professionnels de l'immobilier (marché sous-jacent),portails immobiliers;CRM immobilier;email;documents,generique,faible,mixte,non applicable (signal de marché ; le sous-jacent supporte 50-150 €/mois/agent),1
C-055,"SaaS engagement collaborateurs plafonne à 278K$, douleur diffuse (signal)",DRH de PME/ETI (marché sous-jacent) — signal de marché (micro-niche RH qui plafonne),engagement et rétention des collaborateurs (marché sous-jacent),SIRH;messagerie interne;enquêtes,generique,faible,dashboard,non applicable (signal de marché — vertical à éviter en micro-SaaS),1
C-056,"outil outreach B2B revendu vite, créneau leadgen saturé et churn (signal)",fondateur d'outil outreach/leadgen — signal de marché (niche saturée à churn élevé),"prospection B2B automatisée (signal de saturation, pas un workflow à adresser tel quel)",LinkedIn;email;CRM,generique,faible,mixte,non applicable (signal de marché — créneau saturé),1
C-057,"micro-SaaS type plafonne vers 200K$ et se vend 2,6x (signal structurel)",fondateur de micro-SaaS — signal structurel agrégé (615 listings Acquire.com),"cycle de vie des micro-SaaS (signal structurel pour le pipeline, pas un workflow acheteur)",,generique,faible,mixte,non applicable (signal structurel),1
C-058,"longue traîne de wrappers IA sans revenus en vente, saturation (contre-signal)","fondateur de wrapper IA horizontal — signal de saturation, douleur acheteuse ambiguë",outils IA horizontaux grand public (contre-signal pour le pipeline),,generique,faible,mixte,non applicable (contre-signal — éviter les wrappers IA horizontaux),1
C-060,outreach multi-canal WhatsApp/LinkedIn non couvert pour cibles MENA,"responsable commercial de PME B2B en région MENA, 5-50 salariés",prospection et outreach commercial multi-canal régional,WhatsApp Business;LinkedIn;CRM;email,niche,moyen,mixte,50-150 €/mois,1
C-061,"réponse trop lente aux leads immobiliers, wedge voix invalidé (signal ambigu)","agent immobilier indépendant (contexte US), agence 1-10 personnes",qualification et réponse rapide aux leads immobiliers entrants,portails immobiliers (leads);téléphonie/SMS;CRM immobilier;calendrier,niche,moyen,mixte,50-100 €/mois,1
C-063,prospection d'agence web gaspillée sur PME déjà équipées d'un webmaster,"fondateur de petite agence web locale, 1-5 personnes",prospection et qualification de leads PME locales,scraping sites web;annuaires/SIRENE;email;LinkedIn,niche,fort,conversationnel,30-80 €/mois,1
C-064,"validation communautaire indie trompeuse, personne ne paie dans la durée (méta-signal)","fondateur de micro-SaaS — méta-signal de méthode (viser un ICP métier réel, pas les pairs)","validation produit (signal de méthode pour le pipeline, pas un workflow acheteur)",,generique,faible,mixte,non applicable (méta-signal),1
C-065,"utilisateurs de niche se vibe-codent leurs solutions, barre plus haute (méta-signal)",fondateur de micro-SaaS — méta-signal structurel (érosion du playbook micro-SaaS),sélection d'opportunités (signal de méthode pour le pipeline),,generique,faible,mixte,non applicable (méta-signal),1
D-002,intérimaire payé pour ressaisir les factures après changement de logiciel,"responsable administratif/financier de site industriel ou logistique, PME 20-100 salariés (Fresnes-lès-Montauban, 62)",migration de logiciel de facturation (reprise et ressaisie des données),ERP/logiciel de facturation source et cible;serveurs de fichiers;Excel,generique,fort,conversationnel,"200-500 € par migration (usage ponctuel, ancré sur le coût intérim)",1
D-004,"assistant payé pour saisir BL, factures, CRA et classer en GED","dirigeant de PME de services ou négoce, 10-50 salariés (La Flèche, 72)","saisie administrative (BL, factures, CRA) et classement GED",email;scan/OCR courrier;comptabilité;GED,generique,fort,mixte,100-300 €/mois,1
D-030,assistant achats payé pour relancer les fournisseurs sur commandes en retard,"responsable achats de PME industrielle ou logistique, 20-100 salariés (Garons, 30)","suivi des commandes fournisseurs et relances (retards, non-conformités)",ERP/achats;email;données fournisseurs,niche,fort,mixte,100-250 €/mois,1
D-034,assistant marketing payé pour tenir calendrier prévisionnel et tableaux de suivi,"responsable marketing de PME, 20-100 salariés (Toulouse, 31)",planification marketing hebdomadaire et reporting d'activité,calendrier;Excel/Sheets;outils marketing;email,generique,fort,mixte,50-150 €/mois,1
D-036,assistant payé pour enregistrer réclamations livraison et suivre avoirs,"responsable service clients d'une entreprise de distribution, 50-200 salariés (Gennevilliers, 92)","gestion des litiges transport/livraison (réclamations, avoirs, indemnisations)",ERP/OMS;portails transporteurs;email;comptabilité (avoirs),niche,fort,mixte,150-300 €/mois,1
D-042,secrétaire payée pour gérer inscriptions et dossiers élèves chaque rentrée,"chef d'établissement scolaire privé, 20-100 personnels (Sainte-Geneviève-des-Bois, 91)",inscriptions et gestion des dossiers élèves (rentrée scolaire),formulaires en ligne;logiciel de vie scolaire (EcoleDirecte/Charlemagne);GED;email,niche,moyen,mixte,100-200 €/mois,1
D-051,gestionnaires payés pour saisir et suivre les opérations d'affacturage,"responsable d'équipe gestion clientèle chez un factor (type BPCE Factor), grande entreprise financière",traitement des opérations d'affacturage (saisie et suivi des comptes clients),core system affacturage;flux bancaires;email;documents cédants,niche,faible,dashboard,"500-1 000 €/mois (acheteur grand compte, cycle de vente long — hors ICP micro-SaaS)",1
D-052,secrétaire médicale payée pour planifier visites et convocations médecine du travail,"directeur de service de prévention et santé au travail interentreprises (SPSTI), 20-200 salariés (Paris 9)",planification des visites médicales et convocations des salariés adhérents,logiciel métier SPSTI;agendas médecins;email/courrier;base adhérents,niche,moyen,mixte,200-400 €/mois,1
E-005,décisions client/partenaire/recrutement prises sans vérification faute de temps,"dirigeant de PME/TPE française, 1-50 salariés","due diligence légère avant engagement (client, partenaire, recrutement)",recherche web (LinkUp);registres entreprises (Pappers/SIRENE);presse;LinkedIn,generique,fort,conversationnel,30-80 €/mois,1
E-008,obligations réglementaires découvertes une fois le délai passé,"dirigeant ou DAF de PME française en secteur réglementé, 5-100 salariés",veille réglementaire sectorielle,sources officielles (Légifrance/JO);presse sectorielle;email,generique,moyen,mixte,50-100 €/mois,1
E-009,rendez-vous enchaînés sans préparation sur l'interlocuteur,"commercial ou dirigeant de PME/TPE B2B française, 1-50 salariés",préparation des rendez-vous commerciaux (brief interlocuteur + entreprise),calendrier;LinkedIn;recherche web;CRM,generique,fort,conversationnel,20-50 €/mois,1
E-014,conversations LinkedIn sur son sujet ratées faute de surveillance continue,"fondateur ou marketeur B2B français, TPE 1-10 salariés",social listening LinkedIn (détection de conversations sur son sujet),LinkedIn (API tierce type Unipile);mots-clés/veille;notifications,generique,faible,dashboard,30-60 €/mois,1
E-016,"invitations LinkedIn une par une, chronophage et risque de blocage","commercial/SDR ou fondateur B2B français, TPE-PME 1-20 salariés",prospection sortante LinkedIn (invitations ciblées),LinkedIn (API tierce type Unipile);CRM;liste de ciblage,generique,moyen,mixte,50-100 €/mois (ancré sur les outils outreach existants),1
E-017,message aux nouvelles connexions LinkedIn oublié une fois sur deux,"commercial/SDR ou fondateur B2B français, TPE-PME 1-20 salariés",enchaînement invitation → message de bienvenue (séquence outreach),LinkedIn (API tierce type Unipile);CRM,generique,moyen,mixte,inclus dans une suite outreach 50-100 €/mois (candidate feature),1
E-018,aucun système pour relancer une seule fois les prospects LinkedIn silencieux,"commercial/SDR ou fondateur B2B français, TPE-PME 1-20 salariés","relance des prospects silencieux (une seule relance, personnalisée)",LinkedIn (API tierce type Unipile);CRM;historique conversations,generique,fort,conversationnel,inclus dans une suite outreach 50-100 €/mois (candidate feature),1
E-019,pas de contact industrialisé de prospects hors réseau (InMail),"commercial/SDR B2B français, TPE-PME 1-20 salariés",contact de prospects hors réseau (InMail à l'échelle),LinkedIn Sales Navigator/InMail (API tierce);CRM,generique,faible,dashboard,inclus dans une suite outreach 50-100 €/mois (candidate feature),1
E-020,invitations LinkedIn en attente saturent le quota sans nettoyage,"commercial/SDR ou fondateur B2B français, TPE-PME 1-20 salariés",hygiène du compte LinkedIn (retrait des invitations en attente),LinkedIn (API tierce type Unipile),generique,faible,dashboard,inclus dans une suite outreach 50-100 €/mois (candidate feature),1
E-021,"invitations reçues laissées en attente, accueil des contacts raté","fondateur ou commercial B2B français, TPE-PME 1-20 salariés",acceptation des invitations reçues + message d'accueil,LinkedIn (API tierce type Unipile);CRM,generique,moyen,mixte,inclus dans une suite outreach 50-100 €/mois (candidate feature),1
E-022,sourcer une shortlist de candidats LinkedIn prend des heures manuelles,"consultant ou gérant de cabinet de recrutement, 2-15 consultants (FR)",sourcing candidats et constitution de shortlists,LinkedIn Recruiter (API tierce type Unipile);ATS;email,niche,fort,conversationnel,100-200 €/mois,1
E-023,aucun moyen simple de repérer les entreprises recrutant le poste cible,"consultant ou gérant de cabinet de recrutement (biz dev), 2-15 consultants (FR)",détection de signaux d'embauche pour la prospection du cabinet,LinkedIn Jobs;job boards (France Travail/WTTJ);CRM,niche,fort,conversationnel,80-150 €/mois,1
E-025,publier les offres d'emploi de l'ATS vers LinkedIn reste manuel,"recruteur en cabinet ou RH de PME française, 2-50 salariés",multidiffusion des offres d'emploi depuis l'ATS,ATS;LinkedIn Jobs API (via Unipile);job boards,niche,faible,dashboard,30-80 €/mois (candidate feature d'un ATS),1
E-026,jonglage permanent entre LinkedIn et l'ATS pour suivre les candidats,"recruteur en cabinet ou RH de PME française, 2-50 salariés",suivi des candidatures d'une offre (centralisation LinkedIn ↔ ATS),LinkedIn (API tierce type Unipile);ATS;email,niche,moyen,mixte,50-100 €/mois,1
E-027,"publication LinkedIn manuelle, impossible de programmer depuis ses outils","créateur de contenu B2B, ghostwriter ou petite agence social media, 1-10 personnes (FR)",programmation et publication de contenu LinkedIn,LinkedIn (API tierce type Unipile);outil de rédaction/calendrier éditorial,generique,moyen,mixte,30-60 €/mois,1
E-028,répondre à chaque commentaire LinkedIn prend un temps indisponible,"créateur de contenu B2B ou fondateur français actif sur LinkedIn, solo-TPE",animation des commentaires sous ses posts LinkedIn,LinkedIn (API tierce type Unipile),generique,fort,conversationnel,20-50 €/mois,1
E-029,engagement régulier des comptes clés impossible à tenir manuellement,"commercial grands comptes ou fondateur B2B français, TPE-PME 1-20 salariés",nurturing relationnel des comptes clés via l'engagement social ciblé,LinkedIn (API tierce type Unipile);CRM;liste comptes clés,generique,fort,mixte,50-100 €/mois,1
E-030,Aucun suivi quotidien de la performance des posts LinkedIn,"consultant/créateur de contenu B2B indépendant (FR), solo ou petite agence 1-5 pers.",création et pilotage de contenu LinkedIn,LinkedIn API (Unipile),generique,faible,dashboard,15-30 €/mois,1
E-031,Veille manuelle intenable du contenu concurrents et influenceurs LinkedIn,"responsable marketing/growth PME B2B ou consultant solo (FR), 1-20 pers.",veille concurrentielle et éditoriale LinkedIn,LinkedIn API (Unipile),generique,moyen,mixte,20-40 €/mois,1
E-032,Accroches de prospection à plat faute de connaître l'activité récente du prospect,"commercial/SDR ou indépendant B2B LinkedIn (FR), 1-20 pers.",préparation d'approche commerciale (icebreaker),LinkedIn API (Unipile);CRM,generique,fort,conversationnel,30-50 €/mois,1
E-033,Visiteurs du profil LinkedIn jamais convertis en leads entrants,"indépendant/fondateur B2B en prospection LinkedIn (FR), 1-10 pers.",génération de leads entrants LinkedIn,LinkedIn API (Unipile);CRM,generique,moyen,mixte,20-40 €/mois,1
E-034,Impossible d'exporter son réseau LinkedIn complet en tableau exploitable,"indépendant/commercial B2B gérant son réseau LinkedIn (FR), 1-10 pers.",exploitation du réseau relationnel (CRM personnel),LinkedIn API (Unipile);Google Sheets/CSV,generique,moyen,conversationnel,10-20 €/mois,1
E-035,Aucune visibilité structurée sur abonnés et abonnements LinkedIn,"créateur de contenu/consultant B2B indépendant (FR), solo",gestion d'audience LinkedIn,LinkedIn API (Unipile),generique,moyen,mixte,10-20 €/mois,1
E-036,"Gestion fastidieuse des suivis, désabonnements et blocages LinkedIn membre par membre","créateur de contenu/commercial B2B actif sur LinkedIn (FR), solo",hygiène et curation du réseau LinkedIn,LinkedIn API (Unipile),generique,moyen,conversationnel,5-15 €/mois,1
E-037,Entretenir ses relations LinkedIn (recommandations de compétences) demande un effort manuel constant,"indépendant/commercial B2B en nurturing relationnel (FR), solo",nurturing du réseau professionnel,LinkedIn API (Unipile),generique,moyen,conversationnel,10-20 €/mois,1
E-038,Pas de moyen léger de se rappeler au bon souvenir d'un prospect,"commercial/SDR ou indépendant B2B (FR), 1-10 pers.",réchauffage de prospects avant prise de contact,LinkedIn API (Unipile),generique,moyen,conversationnel,15-30 €/mois,1
E-039,"Messagerie LinkedIn en silo, coupée des outils et de l'assistant IA","indépendant/commercial B2B pilotant sa prospection via assistant IA (FR), solo",gestion de la messagerie commerciale LinkedIn,LinkedIn API (Unipile);assistant IA (MCP),generique,fort,conversationnel,20-40 €/mois,1
E-040,Réponses LinkedIn des prospects découvertes des heures trop tard,"commercial/SDR B2B en prospection active (FR), 1-10 pers.",suivi des réponses en prospection sortante,LinkedIn API (Unipile);Slack/email,generique,faible,mixte,10-25 €/mois,1
E-041,Impossible d'envoyer automatiquement des documents en message LinkedIn,"commercial B2B envoyant plaquettes/devis via LinkedIn (FR), 1-10 pers.",envoi de supports commerciaux en messagerie,LinkedIn API (Unipile);Drive,generique,moyen,conversationnel,10-20 €/mois,1
E-042,Retour obligatoire dans LinkedIn pour la moindre action sur les messages,"indépendant/commercial B2B multi-outils (FR), solo",gestion quotidienne de la messagerie LinkedIn,LinkedIn API (Unipile),generique,fort,conversationnel,15-30 €/mois,1
E-043,Aucune vue sur les messages LinkedIn lus et l'état des conversations,"commercial/SDR B2B en suivi de pipeline conversationnel (FR), 1-10 pers.",suivi du cycle de vie des conversations commerciales,LinkedIn API (Unipile);CRM,generique,faible,dashboard,15-30 €/mois,1
E-044,Nouvelles connexions LinkedIn jamais synchronisées au CRM sans saisie manuelle,"commercial/fondateur B2B équipé d'un CRM (FR), 1-20 pers.",alimentation du CRM depuis LinkedIn,LinkedIn API (Unipile);CRM (HubSpot/Pipedrive),generique,moyen,mixte,20-40 €/mois,1
E-046,Gestion centralisée impossible des comptes LinkedIn de l'équipe,"responsable sales ops/growth d'agence ou PME B2B (FR), 5-30 pers.",administration des comptes LinkedIn de l'équipe commerciale,LinkedIn API multi-comptes (Unipile),generique,faible,dashboard,50-100 €/mois,1
E-047,Compte LinkedIn déconnecté = automatisations en panne sans alerte,"responsable growth/sales ops PME ou agence outbound (FR), 5-30 pers.",fiabilité des automatisations de prospection,LinkedIn API (Unipile);Slack/email,generique,faible,dashboard,15-30 €/mois,1
E-048,"Messages WhatsApp clients bloqués dans un téléphone, hors de portée de l'équipe","gérant de TPE de services locale (FR), 2-10 pers.",service client WhatsApp partagé en équipe,WhatsApp Business API,generique,moyen,mixte,30-60 €/mois,1
E-050,Tout arrive dans la même conversation WhatsApp sans tri ni routage,"gérant de TPE/commerce local multi-activités (FR), 2-10 pers.",triage et routage des demandes clients entrantes,WhatsApp Business API,generique,moyen,mixte,30-60 €/mois,1
E-051,Aucun accusé de réception WhatsApp hors heures d'ouverture,"gérant de commerce/TPE de services locale (FR), 1-10 pers.",accusé de réception hors heures d'ouverture,WhatsApp Business API;agenda/horaires,generique,faible,dashboard,10-25 €/mois,1
E-052,Relire trente messages WhatsApp pour retrouver l'état d'un dossier client,"gérant/artisan de TPE gérant ses dossiers clients sur WhatsApp (FR), 1-10 pers.",reprise de contexte sur un dossier client,WhatsApp Business API,generique,fort,conversationnel,20-40 €/mois,1
E-053,Message d'un client furieux noyé dans le flux WhatsApp,"gérant de TPE/commerce local à fort flux WhatsApp (FR), 2-10 pers.",détection et priorisation des clients mécontents,WhatsApp Business API;alertes,generique,moyen,mixte,20-40 €/mois,1
E-054,"Rendez-vous oubliés par les clients, créneaux perdus","praticien/gérant d'activité sur rendez-vous (FR), 1-5 pers.",rappel et confirmation de rendez-vous,WhatsApp Business API;agenda (Google Calendar/résa),generique,moyen,mixte,20-50 €/mois,1
E-055,Devis sans réponse et relances manuelles au bon moment ingérables,"artisan/gérant de TPE fonctionnant au devis (FR), 1-10 pers.",relance de devis en attente,WhatsApp Business API;outil de devis/facturation,generique,fort,mixte,30-60 €/mois,1
E-056,Nouveaux clients livrés à eux-mêmes faute d'onboarding structuré,"gérant de TPE de services ou d'offre à abonnement (FR), 1-10 pers.",onboarding client post-achat,WhatsApp Business API;CRM,generique,moyen,mixte,20-40 €/mois,1
E-057,Clients satisfaits qui ne laissent jamais d'avis faute de relance,"gérant de commerce/TPE locale dépendant des avis Google (FR), 1-10 pers.",collecte d'avis clients,WhatsApp Business API;Google Business Profile,generique,moyen,mixte,15-30 €/mois,1
E-058,Paniers et réservations abandonnés jamais rattrapés à temps,"e-commerçant ou gérant d'activité à réservation en ligne (FR), 1-10 pers.",récupération de paniers/réservations abandonnés,WhatsApp Business API;Shopify/plateforme résa,generique,faible,dashboard,30-60 €/mois,1
E-059,Coachés qui décrochent entre deux séances faute de rappel régulier,"coach indépendant (sportif, nutrition, business) (FR), solo ou 2-5 coachs",suivi d'engagement entre séances,WhatsApp Business API,niche,moyen,mixte,30-60 €/mois,1
E-060,"Points d'avancement des coachés à toute heure, réponse tardive casse la dynamique","coach indépendant (sportif, nutrition, business) (FR), solo",réponse aux points d'avancement des coachés,WhatsApp Business API,niche,fort,conversationnel,40-80 €/mois,1
E-061,Dérouler un programme jour après jour avec des dates de départ différentes,"coach indépendant vendant un programme structuré (FR), solo ou 2-5 coachs",diffusion goutte-à-goutte d'un programme de coaching,WhatsApp Business API;Notion/Sheets,niche,moyen,mixte,30-60 €/mois,1
E-062,Relire des jours de conversation avant chaque séance de coaching,"coach indépendant suivant 10-40 coachés (FR), solo",préparation de séance de coaching,WhatsApp Business API,niche,fort,conversationnel,30-60 €/mois,1
E-063,Aucune preuve concrète que les coachés font leurs exercices,"coach indépendant (sportif, nutrition, habitudes) (FR), solo",vérification des exercices entre séances,WhatsApp Business API (médias),niche,moyen,mixte,20-40 €/mois,1
E-064,Réécouter chaque note vocale de coaché coûte un temps fou,"coach indépendant à forte volumétrie de notes vocales (FR), solo",traitement des notes vocales de coachés,WhatsApp Business API;transcription audio,niche,fort,conversationnel,30-60 €/mois,1
E-065,Info clé reçue sur WhatsApp il y a trois semaines introuvable,"gérant de TPE/indépendant pilotant son activité sur WhatsApp (FR), 1-10 pers.",recherche d'information dans l'historique de messagerie,WhatsApp Business API,generique,fort,conversationnel,10-25 €/mois,1
E-066,"Ressaisie manuelle des adresses, montants et coordonnées reçus sur WhatsApp","gérant/artisan de TPE prenant les commandes sur WhatsApp (FR), 1-10 pers.",extraction de données clients depuis la messagerie,WhatsApp Business API;Google Sheets/CRM,generique,fort,conversationnel,20-40 €/mois,1
E-067,Demandes WhatsApp incessantes dont certaines filent entre les doigts,"gérant de TPE/indépendant sursollicité sur WhatsApp (FR), 1-10 pers.",conversion des demandes en tâches suivies,WhatsApp Business API;Todoist/Notion,generique,fort,conversationnel,15-30 €/mois,1
E-068,"Jongler entre quatre inbox : WhatsApp, LinkedIn, Instagram, email","indépendant/gérant de TPE multi-canaux (FR), 1-5 pers.",gestion unifiée des messageries clients,WhatsApp Business API;LinkedIn API (Unipile);Instagram DM;email,generique,faible,dashboard,30-60 €/mois,1
E-070,"Démarchage indifférencié, énergie gaspillée sur des comptes sans intention d'achat","responsable commercial/growth de PME B2B (FR), 5-30 pers.",priorisation des comptes à prospecter (signaux d'achat),LinkedIn;SIRENE/annonces;offres d'emploi;CRM,generique,moyen,mixte,50-100 €/mois,1
E-074,Firmographie et interlocuteurs ABM = dix onglets ouverts par compte,"commercial/growth B2B en approche ABM, PME ou agence (FR), 2-20 pers.",préparation de fiche compte avant approche ABM,LinkedIn;SIRENE/Pappers;enrichissement (Airscale);CRM,generique,fort,conversationnel,50-100 €/mois,1
E-075,Fichier de prospection bloqué faute d'URLs LinkedIn pour l'enrichissement,"growth/ops de PME ou agence outbound B2B (FR), 2-20 pers.",préparation de fichiers de prospection (résolution d'URLs LinkedIn),LinkedIn;enrichissement (Airscale);CSV/Sheets,generique,moyen,conversationnel,30-60 €/mois,1
E-076,Un email ou un numéro entrant sans aucun contexte sur qui est derrière,"commercial/fondateur B2B traitant des leads entrants (FR), 1-20 pers.",qualification de leads entrants (reverse lookup),enrichissement inversé (Airscale);LinkedIn;CRM,generique,fort,conversationnel,30-60 €/mois,1
E-077,"Chercher, vérifier et sourcer à la main les données hors filtres","growth/analyste de PME B2B ou consultant data-sales (FR), 2-20 pers.",recherche data ad hoc vérifiée et sourcée,recherche web/scraping;LinkedIn;bases entreprises,generique,fort,conversationnel,40-80 €/mois,1
E-078,Constituer à la main la liste des commerces d'un métier sur une zone,"indépendant/agence ciblant les commerces locaux (FR), 1-10 pers.",constitution de listes de prospection locale,scraping Google Maps (Apify);enrichissement;CSV/CRM,generique,fort,conversationnel,30-60 €/mois,1
E-079,Ouvrir ou auditer une activité locale sans connaître la concurrence ni ses avis,"porteur de projet, repreneur ou consultant en commerce local (FR), solo",étude de concurrence locale avant ouverture/audit,scraping Google Maps + avis (Apify),generique,fort,conversationnel,20-50 €/mois,1
E-080,Dépouiller tous les avis Google Maps d'un lieu est ingérable,"gérant de commerce local ou consultant expérience client (FR), 1-10 pers.",analyse de la voix du client (avis en ligne),scraping avis Google Maps (Apify),generique,fort,conversationnel,20-40 €/mois,1
E-081,Auditer et suivre un compte Instagram entièrement à la main,"social media manager freelance ou petite agence social media (FR), 1-10 pers.",audit et veille de comptes Instagram,scraping Instagram (Apify),generique,moyen,mixte,20-50 €/mois,1
E-085,Impossible de regarder les dizaines de chaînes YouTube de sa veille,"consultant/créateur de contenu faisant de la veille sectorielle (FR), solo",veille de contenu vidéo (synthèse de transcripts),YouTube transcripts (Apify),generique,fort,conversationnel,15-30 €/mois,1
E-087,"Compteurs YouTube relevés un jour donné, sans suivi dans le temps","créateur YouTube ou responsable contenu de PME (FR), 1-10 pers.",suivi de performance d'une chaîne YouTube,YouTube données publiques (Apify),generique,faible,dashboard,10-25 €/mois,1
E-095,Se lancer sur une catégorie Amazon sans vue structurée du marché,"vendeur Amazon/e-commerçant en lancement de produit (FR), solo ou 2-5 pers.",étude de marché produit avant lancement Amazon,scraping Amazon (Apify),niche,fort,conversationnel,30-80 €/mois,1
E-096,"Prix d'un concurrent Amazon qui bouge, découvert trop tard","vendeur Amazon/e-commerçant établi (FR), solo ou 2-5 pers.",surveillance tarifaire concurrentielle Amazon,scraping Amazon (Apify);alertes,niche,faible,dashboard,20-50 €/mois,1
