id,verbatim,source_type,url,date,occurrences,notes
D-001,je paie quelqu'un pour ressaisir les factures fournisseurs dans l'outil comptable / ERP toute la journée,jobs,https://fr.indeed.com/q-saisie-facture-emplois.html,2026-07-25,44,Indeed FR affiche 'plus de 2 000 emplois' pour Saisie Facture ; postes opérateur de saisie facture dont télétravail ; tâche quotidienne ; salaires typiques SMIC-14€/h | DUP: D-005+D-045+D-046+D-056 — jobs ; URLs: https://candidat.francetravail.fr/offres/recherche/detail/209NMVR ; https://www.indeed.com/q-invoice-entry-jobs.html ; https://uk.indeed.com/career/purchase-ledger-clerk/salaries ; https://fr.indeed.com/q-stage-saisie-factures-emplois.html
D-044,I pay a data entry clerk $19.66/hour to transfer data from physical documents into our online database and keep spreadsheets updated,jobs,https://www.indeed.com/career/data-entry-clerk/salaries,2026-07-25,36,"Data Entry Clerk US, moyenne nationale $19.66/h (NY $24.31, LA $25.21) ; typing/scanning, verifying data against source documents ; quotidien ; milliers d'offres | DUP: D-003+D-014+D-057+C-015 — jobs/indie ; URLs: https://candidat.francetravail.fr/offres/recherche/detail/211LDWM ; https://www.hellowork.com/fr-fr/emploi/metier_operateur-de-saisie.html ; https://fr.indeed.com/q-saisie-de-donn%C3%A9es-teletravail-emplois.html ; https://news.ycombinator.com/item?id=13337024"
D-047,"I pay an appointment setter $16-30/hour to make 8-10 outbound calls per hour, schedule sales appointments and log everything in the CRM",jobs,https://www.indeed.com/q-Hourly-Appointment-Setter-jobs.html,2026-07-25,15,"Appointment Setter US, 18 266 offres Indeed, $20-25/h + commissions ; quotidien | DUP: D-032 — jobs ; URLs: https://candidat.francetravail.fr/offres/recherche/detail/207GFFC"
D-016,je paie un gestionnaire de planning pour mettre à jour en continu les plannings des intervenants à domicile et gérer les remplacements,jobs,https://fr.indeed.com/q-gestionnaire-planning-aide-a-domicile-emplois.html,2026-07-25,10,Indeed FR : 300+ offres gestionnaire planning aide à domicile + 75 offres 'gestionnaire planning Octime' (saisie dans logiciel dédié) ; MAJ quotidienne absences/congés/remplacements
D-048,I pay a listing coordinator to enter property listings and changes into the MLS and maintain sales records for our agents,jobs,https://www.indeed.com/q-real-estate-mls-listing-coordinator-jobs.html,2026-07-25,9,"Real Estate Listing/MLS Coordinator US, 1 756 offres Indeed ; saisie MLS + suivi administratif par transaction ; hebdomadaire | DUP: D-015 — jobs ; URLs: https://candidat.francetravail.fr/offres/recherche/detail/200JYPQ"
C-042,"Someone sells an item in person or on another channel, forgets to update Shopify, and it gets sold again online — refund, apology, unhappy customer",indie,https://www.indiehackers.com/post/built-a-shopify-app-to-stop-small-sellers-from-overselling-across-channels-looking-for-early-feedback-52994bba83,2026-07,7,IH post by Jordan + EmmaLeonhart ('count-drift between in-store and Etsy and markets') + SlideRoll. Multi-channel inventory sync for micro-retailers. | DUP: C-043+C-047+B-075 — indie/reviews ; URLs: https://www.indiehackers.com/post/built-a-shopify-app-to-stop-small-sellers-from-overselling-across-channels-looking-for-early-feedback-52994bba83 ; https://www.indiehackers.com/post/e-commerce/shopify-just-gave-us-15-viable-shopify-app-ideas-that-we-can-build-WpNiv16g5YP4JCO9lrwi ; https://www.capterra.com/p/150907/Veeqo/reviews/
D-009,"je paie quelqu'un pour facturer mes clients B2B chaque mois/trimestre et courir après les paiements par mail, courrier et téléphone",jobs,https://www.welcometothejungle.com/fr/companies/foodles/jobs/xxx-f-h_clichy_FOODL_6rpa12j,2026-07-25,7,"Gestionnaire ADV et recouvrement Foodles Clichy + Gestionnaire ADV Club Employés Lyon + Gestionnaire admin polyvalent Facilib Paris ; facturation B2B + relances impayés, cycle mensuel | DUP: D-007+D-008+D-049 — jobs ; URLs: https://www.welcometothejungle.com/fr/companies/lifeaz/jobs/gestionnaire-adv-charge-de-facturation-client_paris ; https://www.welcometothejungle.com/fr/companies/groupe-covea/jobs/gestionnaire-facturation-f-h-cdd_levallois-perret_GCMMG_e4pROwL ; https://www.welcometothejungle.com/fr/companies/edf-renouvelables/jobs/gestionnaire-facturation-h-f_la-defense"
D-023,"je paie 34-38K€ un assistant de gestion locative pour le quittancement, les comptes locataires, les révisions de loyer et le suivi des relances",jobs,https://candidat.francetravail.fr/offres/recherche/detail/210LSXQ,2026-07-25,6,Assistant gestion locative G2F Conseil Boulogne-Billancourt 34-38K€ + Paris 10e 204GWGX ; quittancement mensuel = WTP élevée explicite | DUP: D-024 — jobs ; URLs: https://candidat.francetravail.fr/offres/recherche/detail/207LJGM
D-031,"je paie une secrétaire après-vente pour ouvrir, suivre et clôturer les ordres de réparation dans le logiciel et saisir les dossiers de garantie constructeur",jobs,https://candidat.francetravail.fr/offres/recherche/detail/196RNTF,2026-07-25,6,"Secrétaire APV automobile : Athis-Mons 196RNTF, Cavaillon 198HPNY (facturation depuis OR + saisie garanties), St-Jean-de-Védas 201CPHX, Guebwiller, Marseille, Privas ; concessions/garages ; quotidien"
D-037,"je paie un assistant import-export pour préparer et vérifier la liasse documentaire (factures commerciales, déclarations douane, certificats d'origine, BL) et la saisir dans le logiciel",jobs,https://candidat.francetravail.fr/offres/recherche/detail/204WYPH,2026-07-25,6,Assistant import-export Montauban 204WYPH + Larcay 189HGWC + Quincié-en-Beaujolais 206RBGJ + St-Denis Réunion 206FZBS ; à chaque expédition | DUP: D-050 — jobs ; URLs: https://candidat.francetravail.fr/offres/recherche/detail/206RBGJ
D-038,je paie 2900-3100€/mois x13 un assistant syndic pour préparer les convocations d'assemblées générales et diffuser les procès-verbaux,jobs,https://candidat.francetravail.fr/offres/recherche/detail/205FCRZ,2026-07-25,6,"Assistant(e) syndic/copropriété : Paris 8 205FCRZ (2900-3100€ x13 + TR), Asnières 182ZHNT, Dinard 184HVKK, Versailles 190CVGX, Sorgues 202MSCF, Bordeaux 190QJWY ; cycle annuel par immeuble mais volume continu en cabinet"
B-001,Un des ATS les plus chers du marché : implémentation coûteuse en customisations et +20% exigés au renouvellement,reviews,https://thedailyhire.com/tools/bullhorn-staffing-agency-ats-review,2025-12,5,Outil: Bullhorn ; reviewers: dirigeants d'agences de staffing | DUP: B-005 — reviews ; URLs: https://www.leonar.app/blog/bullhorn-reviews/
D-010,"je paie un chargé de recouvrement à temps plein pour relancer les impayés par téléphone et par écrit, dossier par dossier",jobs,https://candidat.francetravail.fr/offres/recherche/detail/211MBMW,2026-07-25,5,"Chargé(e) de recouvrement : Nîmes 211MBMW, Trignac 205LBWQ, Noyelles-Godault 205XGPF (courriers adaptés à l'ancienneté de la créance), St-Grégoire 187RXZS (plans de régularisation), Montaigu 194LPHN ; quotidien"
D-012,"je paie un assistant ADV pour émettre 150 à 200 factures par mois, saisir les commandes et relancer les impayés",jobs,https://candidat.francetravail.fr/offres/recherche/detail/209PLJF,2026-07-25,5,"Assistant ADV (h/f), Adecco pour client à Pessac (33) ; volume explicite 150-200 factures/mois + saisie contrats de sous-traitance | DUP: D-011+D-013 — jobs ; URLs: https://candidat.francetravail.fr/offres/recherche/detail/208PXGN ; https://candidat.francetravail.fr/offres/recherche/detail/208ZDSC"
D-018,je paie un gestionnaire de paie pour collecter et saisir les variables de paie de chaque salarié tous les mois,jobs,https://candidat.francetravail.fr/offres/emploi/gestionnaire-de-paie/val-de-marne/s12m5d94,2026-07-25,5,"Gestionnaire de paie (multiples offres Val-de-Marne et France) ; collecte + saisie variables + contrôle bulletins, cycle mensuel strict ; 24-32K€ typique"
D-021,"je paie un assistant formation pour gérer inscriptions, conventions, convocations et dossiers stagiaires de chaque session",jobs,https://candidat.francetravail.fr/offres/recherche/detail/207RHZW,2026-07-25,5,"Assistant(e) de formation : Les Sorinières 207RHZW, St-Laurent-Blangy 207JFRM (inscriptions + prises en charge + convocations + facturation), Gouvieux 207GQJD, Toulouse 206VZFX ; à chaque session (hebdo) | DUP: D-059 — jobs ; URLs: https://candidat.francetravail.fr/offres/recherche/detail/207GQJD"
D-033,"je paie un assistant de gestion pour mettre à jour les tableaux de bord Excel, faire les exports et le reporting",jobs,https://candidat.francetravail.fr/offres/recherche/detail/211KTLQ,2026-07-25,5,Assistant gestion Vendargues 211KTLQ + assistant commercial Lyon 206KQZL (tableaux encours crédit) + assistant admin 'maîtrise Excel' Rillieux 206XQSD/206XQVD ; hebdo/mensuel | DUP: D-060 — jobs ; URLs: https://candidat.francetravail.fr/offres/recherche/detail/206KQZL
D-039,je paie 2000€ brut + variables un assistant d'agence d'intérim pour établir les contrats de mission et saisir les relevés d'heures des intérimaires,jobs,https://candidat.francetravail.fr/offres/recherche/detail/209MYJJ,2026-07-25,5,Assistant d'agence Lorient 209MYJJ (2000€ + variables) + Nogent-sur-Marne 210DZMF + Vincennes 199CGPB + Fort-de-France 202RNBR + Chartres 174PFHT ; hebdomadaire (paie intérim)
B-002,"UI datée et clunky, double saisie et workflows lourds qui tuent l'efficacité au quotidien",reviews,https://www.g2.com/products/bullhorn/reviews,2026-07,4,Outil: Bullhorn ; reviewers: recruteurs
B-020,Minimum ~280$/mois pensé pour 50 lots : un petit gestionnaire paie ~4x le tarif unitaire affiché,reviews,https://renpro.com/appfolio-vs-rentredi/,2026-07,4,Outil: AppFolio ; reviewers: petits bailleurs/gestionnaires | DUP: A-065 — reddit ; URLs: https://www.reddit.com/r/realestateinvesting/comments/191mjnl/
B-031,245-500$/technicien/mois + frais d'onboarding : coûte plus que les gains générés pour un petit atelier,reviews,https://fieldcamp.ai/reviews/servicetitan/,2026-07,4,Outil: ServiceTitan ; reviewers: petites entreprises HVAC/plomberie
C-024,They're running things out of spreadsheets because that represents the technical skills their staff has. They don't want to change,indie,https://news.ycombinator.com/item?id=48820230,2026-07,4,"HN 'How to find businesses running operations on spreadsheets' (2026-07), user gogurt2000; echoed by siliconc0w (HN 38882314 'ask where they use spreadsheets'), PaulHoule ('isn't it most of them'). Core adoption barrier: cost, learning curve, troubleshooting fear."
C-044,Merchants spend 2-3 hours a day just answering 'where is my order' and return policy questions,indie,https://www.indiehackers.com/post/i-want-to-build-an-ai-support-agent-for-shopify-stores-am-i-solving-a-real-problem-d009ab93b3,2026-07,4,"IH validation thread, ethanfrst + Khalfankm7 ('60-70% of tickets are the same') + drokai (support costs eat margins in peak). Ecommerce WISMO/support load. | DUP: E-049 — forward ; URLs: https://www.forward-ai.fr/cas-d-usage/famille/whatsapp/ ; corroboré par catalogue forward"
D-006,"je paie un salarié en cabinet comptable pour saisir et pointer les pièces des clients puis préparer les TVA, dossier après dossier",jobs,https://candidat.francetravail.fr/offres/recherche/detail/208HHBG,2026-07-25,4,"Assistant comptable cabinet : Louviers 208HHBG, Cambes 207ZFFR (saisie factures achats dans Odoo), Paris 210KFMH, Troyes 211BWMW ; Indeed 'Saisie Comptable : plus de 7 000 emplois' ; salaire indicatif proche SMIC-2200€"
D-025,je paie un assistant d'exploitation transport pour saisir les ordres de transport dans le TMS et éditer les tournées,jobs,https://candidat.francetravail.fr/offres/recherche/detail/210HKVY,2026-07-25,4,"Assistant exploitation transport Vesoul 210HKVY + Graveson 189YRTY (réception et saisie des OT dans TMS, édition tournées) + Louvres 210PJMR ; quotidien | DUP: D-026 — jobs ; URLs: https://candidat.francetravail.fr/offres/recherche/detail/209BDSC"
D-027,"je paie un assistant travaux pour suivre les situations de travaux, les bons de commande et les contrats de sous-traitance chantier par chantier",jobs,https://candidat.francetravail.fr/offres/recherche/detail/202KZXQ,2026-07-25,4,"Assistant travaux Pinsaguel + Assistant gestion BTP St-Louis 207KBGB (factures + situations mensuelles) + Assistant admin BTP Metz 204VPTZ + Gonfreville 182JFPB (clôtures mensuelles, appels d'offres) ; cycle mensuel"
D-040,"je paie un assistant RH pour les DPAE, la saisie des heures d'intérim, le contrôle des factures d'agence et le classement des dossiers du personnel",jobs,https://candidat.francetravail.fr/offres/recherche/detail/211BMSZ,2026-07-25,4,"Assistant RH Villejust 211BMSZ + Domont 199WNKL (collecte/saisie/vérif variables paie) + Paris 210SPKM (saisie absences maladie, attestations) + Lyon 201DCRB (DSN, attestations France Travail) ; hebdo/mensuel"
D-053,je paie un opérateur de saisie freelance pour la saisie comptable externalisée,jobs,https://fr.indeed.com/q-op%C3%A9rateur-saisie-comptable-freelance-emplois.html,2026-07-25,4,Indeed FR : 75+ offres 'opérateur saisie comptable freelance' ; preuve d'un marché d'externalisation à la tâche déjà existant
A-051,On gère 600+ salariés sur 10 sites avec des dossiers papier et zéro SIRH.,reddit,https://www.reddit.com/r/humanresources/comments/1gkdlax/,2024-11,3,r/humanresources — RH sans SIRH ; même douleur : RH d'une personne gérant tout sur spreadsheets (https://www.reddit.com/r/humanresources/comments/1f3qx5z/) | DUP: A-049 — reddit ; URLs: https://www.reddit.com/r/humanresources/comments/1j80v15/
B-004,"Lenteurs, timeouts de session et parsing de CV défaillant reviennent en boucle dans les avis",reviews,https://www.leonar.app/blog/bullhorn-reviews/,2026-07,3,Outil: Bullhorn ; reviewers: recruteurs agences (agrégat G2/Capterra)
B-009,"Support lent, difficile à joindre, réponses vagues — surtout pendant l'onboarding",reviews,https://www.capterra.com/p/125768/Zoho-Recruit/reviews/,2026-07,3,Outil: Zoho Recruit ; reviewers: agences de recrutement
B-016,Hausses de prix fréquentes et frais additionnels pour des nouveautés inutilisables dans certaines régions,reviews,https://www.getapp.com/real-estate-property-software/a/buildium-property-management-software/,2026-07,3,Outil: Buildium ; reviewers: property managers
B-017,"Comptabilité confuse et trop complexe : reporting financier, suivi des dépenses et intégration compta laborieux",reviews,https://www.capterra.com/p/47428/Buildium-Property-Management-Software/reviews/,2026-07,3,Outil: Buildium ; reviewers: gestionnaires immobiliers
B-021,Service client passé d'excellent à très mauvais en 12 ans : attentes interminables,reviews,https://appfolio.pissedconsumer.com/review.html,2026-07,3,Outil: AppFolio ; reviewer: client 12 ans property manager
B-024,Frais par utilisateur qui punissent la croissance : une équipe de 20 paie 145$/mois rien qu'en sièges avant tout add-on,reviews,https://servicebusinessacademy.org/jobber-review-2026/,2026-01,3,Outil: Jobber ; reviewers: entreprises field service en croissance
B-026,"Reporting = plainte n°1 : pas de first-time-fix rate, pas de LTV client, pas de suivi SLA",reviews,https://fieldcamp.ai/reviews/jobber/,2026-07,3,Outil: Jobber ; reviewers: patrons de sociétés de services terrain
B-027,"Sync QuickBooks : erreurs, écritures en doublon et connexions cassées signalées en masse",reviews,https://www.getonecrew.com/post/jobber-reviews,2026-07,3,Outil: Jobber ; reviewers: contractors (agrégat Reddit + review sites)
B-032,"Implémentation de plusieurs mois, extrêmement chronophage et mal accompagnée",reviews,https://www.getonecrew.com/post/servicetitan-reviews,2025-10,3,Outil: ServiceTitan ; reviewer: admin (Software Advice)
B-035,Overkill assumé pour les boîtes de moins de 5 techniciens : produit pensé enterprise vendu aux petits,reviews,https://contractortoolstack.com/software/servicetitan/,2026-07,3,Outil: ServiceTitan ; reviewers: petits contractors
B-039,Bugs récurrents et incohérences sur les déclarations fiscales,reviews,https://fr.trustpilot.com/review/pennylane.com,2026-07,3,Outil: Pennylane ; reviewers: dirigeants/comptables (Trustpilot FR)
B-046,"Erreurs d'extraction sur les lignes : montants qui atterrissent au mauvais endroit après scan, OCR lent",reviews,https://fitsmallbusiness.com/dext-prepare-review/,2026-07,3,Outil: Dext (ex-Receipt Bank) ; reviewers: bookkeepers
B-049,"Fonds retenus pendant des semaines après paiement du client, payout sous 10 jours ouvrés",reviews,https://www.trustpilot.com/review/hellobonsai.com,2026-07,3,Outil: Bonsai ; reviewers: freelances
B-051,Support quasi inexistant : impossible d'avoir un humain au téléphone pour un problème basique,reviews,https://www.trustpilot.com/review/hellobonsai.com,2026-07,3,Outil: Bonsai ; reviewers: freelances/agences
B-053,"Hausse tarifaire de +89,5% en février 2025 : fuite documentée vers les alternatives",reviews,https://prospeo.io/s/honeybook-alternatives,2025-02,3,Outil: HoneyBook ; reviewers: solopreneurs créatifs (Trustpilot 3.5/5)
B-056,Courbe d'apprentissage si raide qu'une industrie de consultants de setup à 300-1500$ s'est créée autour de l'outil,reviews,https://bestaicrmsoftware.com/crm-for-small-business/dubsado-review-definitive,2026-07,3,Outil: Dubsado ; reviewers: solopreneurs services
B-065,Saisie des temps si pénible que les techs attendent le vendredi après-midi pour loguer leur semaine,reviews,https://rallied.ai/blog/connectwise-manage-review/,2026-07,3,Outil: ConnectWise PSA ; reviewers: patrons MSP (thread r/msp 70+ commentaires) | DUP: A-024 — reddit ; URLs: https://www.reddit.com/r/msp/comments/1gjvarq/
B-068,"Interface surchargée, performances lentes aux heures de pointe, apprentissage raide",reviews,https://www.capterra.com/p/107931/ConnectWise-Manage/reviews/,2026-07,3,Outil: ConnectWise PSA ; reviewers: techniciens MSP
B-069,"Patchs manqués ou qui échouent en silence sans aucun feedback d'erreur, et sans contrôle granulaire ni phase de test",reviews,https://medium.com/@ron_at_level/are-atera-users-facing-more-issues-lately-a-look-at-the-reports-and-ateras-response-c5d96b22ae42,2025-09,3,Outil: Atera ; reviewers: techniciens MSP
B-072,"Erreurs de facturation, charges inattendues et remboursements lents ou absents",reviews,https://checkthat.ai/brands/shipstation/reviews,2026-07,3,Outil: ShipStation ; reviewers: e-commerçants
B-073,"Support externalisé, lent et incompétent ; galères récurrentes de login et de 2FA",reviews,https://www.trustpilot.com/review/shipstation.com,2026-07,3,Outil: ShipStation ; reviewers: e-commerçants
C-011,Time tracking. The physical act of figuring out how much time was spent on X task for Y client and logging it,indie,https://news.ycombinator.com/item?id=13337024,2017-01,3,"Users knieveltech, Corrado (auto-fill timesheets from commits/artifacts), crimsonalucard (logging Jira tempo hours). Agencies/consultancies billing-time capture."
C-036,"Chasing client replies, missing receipts, scattered communication... info spread across emails, texts, spreadsheets, QBO notes",indie,https://www.indiehackers.com/post/i-thought-bookkeeping-software-problems-were-accounting-problems-i-was-wrong-25854191c9,2026-06,3,"IH post by rahulsinghnegi + commenters darthproton, JohnMadison. Bookkeeping firms: ops/context chaos before month-end, not accounting logic. Date approximate (recent thread)."
D-017,"je paie un assistant e-commerce 11,88€/h pour créer et mettre en ligne les fiches produits une par une (titre, description, dimensions, variantes, prix, mots-clés)",jobs,https://candidat.francetravail.fr/offres/recherche/detail/194WTLN,2026-07-25,3,"Assistant e-commerce My Roller Stone Argelès-sur-Mer CDD 5 mois 11,88€/h + Bondues 204CPVB (mise en ligne visuels/descriptions) + Dole 207LFQJ ; flux continu de catalogue"
D-019,je paie une secrétaire médicale uniquement pour taper les comptes rendus dictés par les médecins,jobs,https://candidat.francetravail.fr/offres/recherche/detail/192NNJH,2026-07-25,3,Secrétaire médicale 'pour la frappe' Paris 8 + Levallois 210XGSJ + centre imagerie Martigues 207MFLB ; transcription audio->texte quotidienne ; 25-30K€ annoncés sur un poste équivalent Nantes
D-029,je paie un assistant achats pour saisir et suivre les commandes fournisseurs et rapprocher bons de livraison et factures,jobs,https://candidat.francetravail.fr/offres/recherche/detail/196NMPK,2026-07-25,3,"Assistant achats Villette-de-Vienne 196NMPK + Le Broc 196XJFM (rédaction BC, suivi livraisons, traitement factures) + Oisemont 199TNCY ; quotidien"
D-035,"je paie un assistant SAV pour enregistrer les retours produits, décider réparation/échange/avoir et monter les dossiers de demande d'avoir",jobs,https://candidat.francetravail.fr/offres/recherche/detail/210PBVL,2026-07-25,3,Assistant SAV Nîmes 210PBVL + St-Laurent-de-Mure 205CMWF (saisie retours/échanges/prêts) + La Ricamarie 207VBRC (ouverture et affectation dossiers) ; quotidien
D-041,je paie un assistant communication pour tenir le calendrier éditorial et programmer les publications sur les réseaux sociaux via un outil (Later),jobs,https://candidat.francetravail.fr/offres/recherche/detail/206HWYR,2026-07-25,3,Assistant communication Paris 17 206HWYR + Avignon 207YNNF (planning LinkedIn/Instagram + MAJ sites web) + Le Grand-Bornand 204FWWK (programmation posts + newsletter MailChimp + WordPress) ; hebdomadaire
D-043,"je paie un(e) assistant(e) d'agence de recrutement pour trier les candidatures, compiler les dossiers candidats et mettre en forme les CV avant envoi aux clients",jobs,https://fr.indeed.com/q-assistante-d'agence-emplois.html,2026-07-25,3,"Assistante d'agence (400+ offres Indeed FR, dont cabinets de recrutement) ; mise en forme CV au format cabinet = tâche récurrente ; preuve indirecte (snippets), fiches détaillées peu accessibles"
E-015,"Mon fichier de prospects LinkedIn n'a que des URLs brutes, sans les infos nécessaires pour prioriser et personnaliser.",forward,https://www.forward-ai.fr/cas-d-usage/famille/unipile/,2026-07,3,famille: Unipile | cas original: Enrichissez votre liste de prospects LinkedIn (Prospection) | DUP: E-006+E-045 — forward ; URLs: https://www.forward-ai.fr/cas-d-usage/famille/linkup/ ; https://www.forward-ai.fr/cas-d-usage/famille/unipile/
E-069,"Construire une liste de cibles ICP à la main, c'est des heures sur LinkedIn avant même d'avoir parlé à qui que ce soit.",forward,https://www.forward-ai.fr/cas-d-usage/famille/airscale/,2026-07,3,famille: Airscale | cas original: Une liste de prospects ICP à la demande (Sourcing) | DUP: E-012+E-002 — forward ; URLs: https://www.forward-ai.fr/cas-d-usage/famille/unipile/ ; https://www.forward-ai.fr/cas-d-usage/famille/linkup/
E-073,"Réunir email pro, email perso et mobile pour le multicanal me demande trois outils et trois passages.",forward,https://www.forward-ai.fr/cas-d-usage/famille/airscale/,2026-07,3,famille: Airscale | cas original: Des coordonnées complètes pour le multicanal (Coordonnées) | DUP: E-071+E-072 — forward ; URLs: https://www.forward-ai.fr/cas-d-usage/famille/airscale/ ; https://www.forward-ai.fr/cas-d-usage/famille/airscale/
E-084,Les reels d'un créateur regorgent d'idées mais je n'ai pas le temps de tout visionner et transcrire.,forward,https://www.forward-ai.fr/cas-d-usage/famille/apify/,2026-07,3,famille: Apify | cas original: Transformez des reels en texte exploitable (Contenu) | DUP: E-086+E-090 — forward ; URLs: https://www.forward-ai.fr/cas-d-usage/famille/apify/ ; https://www.forward-ai.fr/cas-d-usage/famille/apify/
A-031,"Le suivi de maintenance = exports Excel manuels depuis CyberCNS, RMM, backup et M365 — aucune vue centralisée.",reddit,https://www.reddit.com/r/msp/comments/1gemuz4/,2024-10,2,"r/msp — reporting de maintenance multi-outils, cherche solution abordable | DUP: A-022 — reddit ; URLs: https://www.reddit.com/r/msp/comments/1cctxcg/"
A-035,Impossible de voir les finances de toutes mes sociétés d'un coup — QBO et Xero forcent à naviguer entité par entité.,reddit,https://www.reddit.com/r/Accounting/comments/1ke4ryl/,2025-04,2,"r/Accounting — multi-entités, consolidation cross-company avec plans de comptes différents | DUP: C-034 — indie ; URLs: https://news.ycombinator.com/item?id=4284833"
A-042,Composer des messages d'approche personnalisés candidat par candidat est fastidieux et agaçant.,reddit,https://www.reddit.com/r/recruiting/comments/1cog1s5/,2024-05,2,"r/recruiting — sourcing/outreach, douleur pré-outil | DUP: E-024 — forward ; URLs: https://www.forward-ai.fr/cas-d-usage/famille/unipile/ ; corroboré par catalogue forward"
A-058,Taper les devis ligne par ligne avec les prix unitaires est ce qui me bouffe le plus de temps.,reddit,https://www.reddit.com/r/Construction/comments/1i19qcc/,2025-01,2,"r/Construction — artisan, a testé Handoff (estimation IA), cherche mieux | DUP: A-057 — reddit ; URLs: https://www.reddit.com/r/Construction/comments/1g2iez0/"
A-060,Analyser une acquisition locative dans un tableur Excel basique est trop rigide pour tester des hypothèses.,reddit,https://www.reddit.com/r/realestateinvesting/comments/1j4y6vc/,2025-03,2,r/realestateinvesting — analyse de deals ; même douleur : cadre d'analyse rendement locatif vs S&P en spreadsheet (https://www.reddit.com/r/realestateinvesting/comments/1knfvim/)
A-062,Suivre la performance réelle de mon duplex entre vacance locative et changements d'escrow est laborieux.,reddit,https://www.reddit.com/r/realestateinvesting/comments/1hb60v2/,2024-12,2,r/realestateinvesting — suivi P&L par bien en spreadsheet | DUP: A-063 — reddit ; URLs: https://www.reddit.com/r/realestateinvesting/comments/1kbqhot/
A-079,Le reporting client manuel me prend plus d'une semaine chaque mois pour 35 clients aux services hétérogènes.,reddit,https://www.reddit.com/r/agency/comments/1aeqtru/,2024-01,2,"r/agency — agence marketing, critique SEranking/Looker, AgencyAnalytics jugé cher | DUP: A-081 — reddit ; URLs: https://www.reddit.com/r/agency/comments/1g4k0bn/"
A-083,Les clients nous reprochent les retards alors qu'ils viennent d'eux — aucune preuve objective d'attribution des délais.,reddit,https://www.reddit.com/r/agency/comments/1dseo4k/,2024-06,2,r/agency — accountability délais client ; même douleur : client silencieux 19 jours puis grosses révisions à l'heure de la deadline (https://www.reddit.com/r/agency/comments/1hih5md/)
A-085,"Freelance multi-outils : il me faut un workflow d'onboarding client unifié, Dubsado et HoneyBook ne font pas l'affaire.",reddit,https://www.reddit.com/r/agency/comments/1hflwgv/,2024-12,2,"r/agency — onboarding automatisé, Notion/Docs/email gérés à la main | DUP: A-084 — reddit ; URLs: https://www.reddit.com/r/agency/comments/1ea8jgc/"
A-090,Suivre l'inventaire et le food cost avec intégration Toast : le choix d'outil est un casse-tête permanent.,reddit,https://www.reddit.com/r/restaurantowners/comments/1fkufar/,2024-09,2,r/restaurantowners — éval Craftable vs MarginEdge ; même douleur avec repricing lié aux tarifs douaniers (https://www.reddit.com/r/restaurantowners/comments/1gqv6m8/)
A-099,Des heures perdues à trier manuellement le feedback utilisateur venant de plusieurs sources.,reddit,https://www.reddit.com/r/microsaas/comments/1i83gje,2025-01,2,r/microsaas — founder ; douleur énoncée par un builder (à revalider) | DUP: E-001 — forward ; URLs: https://www.forward-ai.fr/cas-d-usage/famille/linkup/ ; corroboré par catalogue forward
A-104,J'ai codé 16 mois en secret pour gagner 32 dollars — aucun moyen fiable de valider la demande avant de construire.,reddit,https://www.reddit.com/r/SaaS/comments/1kfz1pf/,2025-04,2,"r/SaaS — indie founder, douleur de validation pré-build | DUP: A-105 — reddit ; URLs: https://www.reddit.com/r/SaaS/comments/1kklqju/"
B-003,Des fonctionnalités qui ne marchent pas ; le support répond 'working as designed' sans intention de corriger,reviews,https://www.g2.com/products/bullhorn/reviews,2026-07,2,Outil: Bullhorn ; reviewers: recruteurs
B-006,Données de contacts obsolètes ou incomplètes dès qu'on sort du marché US ou sur des rôles de niche,reviews,https://peoplemanagingpeople.com/tools/loxo-review/,2026-07,2,Outil: Loxo ; reviewers: recruteurs exécutifs non-US
B-007,"Échecs d'automatisation email, pannes intermittentes et problèmes de délivrabilité des campagnes de sourcing",reviews,https://peoplemanagingpeople.com/tools/loxo-review/,2026-07,2,Outil: Loxo ; reviewers: recruteurs
B-008,Le système de crédits contacts fait grimper la facture réelle à 300$+/mois au-delà du forfait de base,reviews,https://research.com/software/reviews/loxo,2026-07,2,Outil: Loxo ; reviewers: gros utilisateurs sourcing
B-011,"Champs impossibles à masquer, renommer ou supprimer : personnalisation des formulaires rigide et labels confus",reviews,https://peoplemanagingpeople.com/tools/zoho-recruit-review/,2026-07,2,Outil: Zoho Recruit ; reviewers: admins RH
B-012,Peu fluide à l'échelle pour le staffing haut volume : gros datasets et workflows qui rament,reviews,https://skima.ai/blog/product-deep-dives/zoho-recruit-review,2026-07,2,Outil: Zoho Recruit ; reviewers: agences de staffing volume
B-013,Reporting pas assez flexible : il faut retravailler manuellement chaque export,reviews,https://skima.ai/blog/product-deep-dives/recruit-crm-reviews,2026-07,2,Outil: Recruit CRM ; reviewers: agences data-driven
B-014,"85$/user/mois pèse lourd en grandissant, et le reporting avancé est verrouillé dans les plans supérieurs",reviews,https://peoplemanagingpeople.com/tools/recruit-crm-review/,2026-07,2,Outil: Recruit CRM ; reviewers: fondateurs d'agence
B-018,Mise en place des paiements lente et opaque : délais d'approbation et structure de frais illisible,reviews,https://www.getapp.com/real-estate-property-software/a/buildium-property-management-software/,2026-07,2,Outil: Buildium ; reviewers: property managers
B-022,Ne gère pas les baux commerciaux et manque de fonctions avancées pour les gros portefeuilles,reviews,https://www.rentilot.fr/avis/rentila/,2026-07,2,Outil: Rentila ; reviewers: bailleurs particuliers FR
B-023,Synchronisation bancaire capricieuse et support client perfectible,reviews,https://lgpimmo.fr/rentila/,2026-07,2,Outil: Rentila ; reviewers: bailleurs particuliers FR
B-025,"Les add-ons facturés à part (AI Receptionist 99$, Marketing 79$, Reviews 39$...) font doubler la note",reviews,https://servicebusinessacademy.org/jobber-review-2026/,2026-01,2,Outil: Jobber ; reviewers: artisans/contractors
B-028,L'app mobile ne fonctionne pas hors ligne : bloquant sur les chantiers sans couverture réseau,reviews,https://www.getonecrew.com/post/jobber-reviews,2026-07,2,Outil: Jobber ; reviewers: équipes terrain (Capterra)
B-033,Système excessivement rigide : contournements permanents pour toute opération non standard,reviews,https://www.getonecrew.com/post/servicetitan-reviews,2025-10,2,Outil: ServiceTitan ; reviewer: ops manager (G2)
B-034,Données éparpillées à travers la plateforme : extraire l'information dont on a besoin est un parcours du combattant,reviews,https://www.getonecrew.com/post/servicetitan-reviews,2026-01,2,Outil: ServiceTitan ; reviewer: utilisateur G2
B-036,"100% en ligne sans mode hors connexion : limitant sur le terrain, avec des instabilités qui imposent des sauvegardes fréquentes",reviews,https://tool-advisor.fr/logiciel-facturation/comparatif/obat/,2026-07,2,Outil: Obat ; reviewers: artisans BTP FR
B-038,"Sur les vraies questions comptables ou cas métier, le support renvoie systématiquement vers 'votre expert-comptable'",reviews,https://www.impli.fr/avis/pennylane,2026-07,2,Outil: Pennylane ; reviewer: dirigeant TPE (2 ans d'usage)
B-040,"Navigation lourde, pas de multi-fenêtre, lenteurs : 2 mois pour maîtriser l'outil",reviews,https://fr.trustpilot.com/review/pennylane.com,2026-07,2,Outil: Pennylane ; reviewers: utilisateurs Trustpilot FR
B-042,Des fonctionnalités inexploitables sans cabinet comptable partenaire : dépendance imposée,reviews,https://www.formalive.fr/avis-pennylane/,2026-07,2,Outil: Pennylane ; reviewers: dirigeants TPE
B-044,Support téléphonique long aux heures de pointe et service limité pour l'activité à l'international,reviews,https://tool-advisor.fr/logiciel-facturation/comparatif/tiime/,2026-07,2,Outil: Tiime ; reviewers: indépendants FR
B-047,Tarifs cabinets de 235 à 850$/mois : lourd pour un petit cabinet comptable,reviews,https://crm.org/news/dext-review,2026-07,2,Outil: Dext ; reviewers: cabinets comptables
B-048,Support client jugé médiocre et lent par les cabinets,reviews,https://www.softwareadvice.com/accounting/receipt-bank-profile/,2026-07,2,Outil: Dext ; reviewers: comptables
B-050,"Comptes bloqués puis fermés après vérification, sans explication ni recours",reviews,https://www.trustpilot.com/review/hellobonsai.com,2026-07,2,Outil: Bonsai ; reviewers: freelances
B-052,Frais de transaction jugés abusifs malgré le 'zéro frais cachés' affiché,reviews,https://www.trustpilot.com/review/hellobonsai.com,2026-07,2,Outil: Bonsai ; reviewers: freelances
B-054,145$ de frais de processing sur un mariage à 5000$ : 4000-6000$/an de frais pour un photographe en plus de l'abonnement,reviews,https://solofinancehub.com/blog/honeybook-review-2026/,2026-07,2,Outil: HoneyBook ; reviewers: photographes de mariage
B-055,Automations et reporting trop limités dès qu'on dépasse quelques collaborateurs,reviews,https://assembly.com/blog/honeybook-reviews,2026-07,2,Outil: HoneyBook ; reviewers: studios en croissance
B-057,Bugs et pages lentes signalés régulièrement,reviews,https://www.g2.com/products/dubsado/reviews,2026-07,2,Outil: Dubsado ; reviewers: utilisateurs G2
B-058,Pas de vraie logique conditionnelle dans les workflows et emails limités à un seul contact client,reviews,https://freelancertrail.com/dubsado-review-2026/,2026-07,2,Outil: Dubsado ; reviewers: freelances services
B-060,Prix perçu comme trop élevé et note Trustpilot faible qui tranche avec le discours marketing,reviews,https://www.selecthub.com/p/restaurant-management-software/zenchef/,2026-07,2,Outil: Zenchef ; reviewers: restaurateurs
B-061,Promotions affichées non respectées en salle et aucun suivi côté plateforme : le restaurateur porte seul le litige,reviews,https://fr.trustpilot.com/review/thefork.com,2026-07,2,Outil: TheFork / TheFork Manager ; reviewers: clients et restaurateurs
B-066,Hausses au renouvellement et turnover permanent des account managers,reviews,https://www.flamingo.run/blog/connectwise-psa-review,2026-07,2,Outil: ConnectWise PSA ; reviewers: dirigeants MSP
B-067,Un support qui évite le téléphone et toute communication directe à tout prix,reviews,https://www.capterra.com/p/107931/ConnectWise-Manage/reviews/,2026-07,2,Outil: ConnectWise PSA ; reviewers: MSP
B-070,Reporting faible de longue date : impossible d'obtenir du reporting custom fin,reviews,https://www.trustradius.com/products/atera/reviews/all,2026-07,2,Outil: Atera ; reviewers: MSP
B-071,Commandes qui ne se synchronisent que toutes les 60-75 minutes et syncs qui s'arrêtent sans aucune alerte,reviews,https://www.trustpilot.com/review/shipstation.com,2025-12,2,Outil: ShipStation ; reviewer: e-commerçant (Trustpilot déc. 2025)
B-074,Frais de traitement de paiement ajoutés sur l'achat de labels depuis la refonte tarifaire de juillet 2025,reviews,https://checkthat.ai/brands/shipstation/reviews,2025-07,2,Outil: ShipStation ; reviewers: e-commerçants
B-077,"Hausses de prix drastiques et support lent, sans égard pour les clients de longue date",reviews,https://seo.ai/blog/linnworks-vs-veeqo,2026-07,2,Outil: Linnworks ; reviewers: e-commerçants historiques
B-078,Support glacial : des tickets ouverts depuis plus de 2 mois sans réponse,reviews,https://www.unleashedsoftware.com/blog/cin7-reviews/,2026-07,2,Outil: Cin7 ; reviewers: PME e-commerce
B-079,"Le système casse souvent : la sync vers les plateformes majeures s'arrête, longs délais de saisie et d'accès aux données",reviews,https://www.capterra.com/p/133133/Cin7/reviews/,2026-07,2,Outil: Cin7 ; reviewer: gérant e-commerce
C-005,50+ employees and our DOO is failing at tracking who's working what and when... besides a spreadsheet or hearsay,indie,https://news.ycombinator.com/item?id=13337024,2017-01,2,User kylixz + codemac ('everyone ends up with JIRA + spreadsheets'). Cross-project staffing/resource allocation for services firms.
C-014,"Onboarding of new employees, expenses, security",indie,https://news.ycombinator.com/item?id=13337024,2017-01,2,OP anacleto + luisobo ('Offboarding'). HR on/offboarding checklists across tools/accesses.
C-018,I knew a project manager whose job seemed to be reconciling multiple versions of a spreadsheet with different authors,indie,https://news.ycombinator.com/item?id=33611431,2022-11,2,"HN thread on Excel-run businesses, user manv1; also constantcrying (sheets break when shared). Version reconciliation as a paid role."
C-021,"Clients have 'god spreadsheets' that accrue data and control operations... if one thing goes wrong, explode into #VALUE!s",indie,https://news.ycombinator.com/item?id=33611431,2022-11,2,User HillRat (BigCo consulting) + giantg2 (stale manual updates). Fragile operational+reporting spreadsheets.
C-025,"For 10, maybe 15 years I have been hearing from small business owners about how much their Point-of-Sale system sucks",indie,https://news.ycombinator.com/item?id=6525511,2013-10,2,"HN 'Why are POS systems all POSes?', OP moron4hire + belthasar (market/fair vendors each want different features). Durable SMB retail pain; vertical-specific POS gaps."
C-027,Managers and business owners buy these systems. But they don't actually use them,indie,https://news.ycombinator.com/item?id=6525511,2013-10,2,Users CyberFonic + Philadelphia. Buyer!=user dynamic in SMB retail software; price/checklist-driven purchases.
C-033,"Taking a photo of every single receipt, waiting for image-to-text to fail and fixing+cataloguing it manually. No app does this right",indie,https://news.ycombinator.com/item?id=38987334,2024-01,2,"HN 'problems you would pay to make go away', user wscourge; related to arpit 'expense tracking' (HN 13337024). Receipt/expense capture still broken."
C-037,"By the time something hits the ledger, a lot of context is already gone... need receipt, client replies, approval trails, decision memory",indie,https://www.indiehackers.com/post/i-thought-bookkeeping-software-problems-were-accounting-problems-i-was-wrong-25854191c9,2026-06,2,"Same IH thread, darthproton + hilgard ('kept in one person's head'). Decision-memory layer for bookkeeping workflows. Date approximate."
C-039,How to invoice (and not get stiffed) as a freelancer,indie,https://www.indiehackers.com/post/how-to-invoice-and-not-get-stiffed-as-a-freelancer-159ac95174,2019-06,2,"IH guide thread title; late/unpaid invoices as chronic freelancer/SMB pain. Date approximate. Overlaps generic invoicing (excluded category is CRM/email, invoicing niche kept when vertical)."
C-041,Being my own boss meant I had to properly manage my time (which I obviously didn't)... working pretty much all the time,indie,https://www.indiehackers.com/post/what-are-your-biggest-pain-points-as-a-freelancer-a588c4918d,2022-05,2,"IH freelancer pain thread, Imran Rahman + digitalWestie. Solo-operator time control; borderline indie-navel-gazing, flagged as bias."
C-045,Merchants are hesitant when it comes to refunds or edge cases... people need to feel in control,indie,https://www.indiehackers.com/post/i-want-to-build-an-ai-support-agent-for-shopify-stores-am-i-solving-a-real-problem-d009ab93b3,2026-07,2,"Same thread, AiToolsRecap + huwwarm + ryanshrott (AI tanks on emotional/judgment tickets). Adoption barrier: control + judgment calls; design constraint for any 'AI for SMB' tool."
C-051,We send proposals just in email and don't know what happens with it. Did the client open and read it (and which parts)?,indie,https://www.indiehackers.com/post/how-do-you-send-proposals-to-your-clients-9d60d3ecaa,2023-04,2,IH thread by Vadim Skopintsev + OnlyMateo (can't reuse self-designed PPT/Excel in proposal tools). Proposal tracking/analytics for agencies.
C-059,I built an AI to kill the 3-week Excel research grind. It got 8 PH upvotes,indie,https://www.indiehackers.com/post/i-built-an-ai-to-kill-the-3-week-excel-research-grind-it-got-8-ph-upvotes-what-did-i-do-wrong-49c9b1c7d1,2026-06,2,"IH post-mortem of a Product Hunt launch (Bunzee). Pain targeted: weeks of manual competitor/market research in Excel. Ambiguous signal: commenters attribute failure to channel/positioning, not absence of pain ('pitch reads like a feature tour before a painkiller'). Date approximate. | DUP: E-003 — forward ; URLs: https://www.forward-ai.fr/cas-d-usage/famille/linkup/ ; corroboré par catalogue forward"
C-062,PH daily top 10 (June 2026) is ~90% dev/AI infra tools; almost no niche business verticals reach the leaderboard,indie,https://www.producthunt.com/leaderboard/daily/2026/6/15,2026-06,2,"Observation across two PH daily leaderboards (2026-05-12, 2026-06-15): vertical SMB tools structurally invisible on PH => their pains stay under-marketed; also a bias warning for using PH as sourcing channel."
D-020,je paie une télésecrétaire pour prendre les rendez-vous de plusieurs cabinets et saisir les informations rapidement,jobs,https://candidat.francetravail.fr/offres/recherche/detail/208DWXK,2026-07-25,2,Télésecrétaire médicale Carhaix (gestion multi-cabinets) + secrétaire Levallois (RDV via Doctolib) ; flux d'appels quotidien
D-022,je paie un office manager pour traiter les notes de frais dans le logiciel et suivre les factures fournisseurs,jobs,https://www.welcometothejungle.com/fr/companies/leasecom/jobs/office-manager-en-alternance-hf_merignac_LEASE_gaG7oqK,2026-07-25,2,Office manager alternance Leasecom Mérignac + Assistant admin/back-office Assurup Neuilly (WTTJ) ; mensuel
D-028,je paie un assistant pour monter les dossiers de réponse aux appels d'offres publics (pièces administratives récurrentes),jobs,https://candidat.francetravail.fr/offres/recherche/detail/210TQGD,2026-07-25,2,Assistant administratif BTP Bordeaux 210TQGD + Metz ; connaissance appels d'offres exigée ; à chaque AO (hebdo/mensuel)
D-054,je paie un réceptionniste notamment pour saisir et contrôler les réservations et faire les délogements/pointages,jobs,https://candidat.francetravail.fr/offres/recherche/detail/209PKVW,2026-07-25,2,Réceptionniste hôtellerie Paris 1er + St-Trojan 211PHFS ; contrôle réservations/pointages quotidien ; douleur partielle (le poste inclut l'accueil physique non automatisable)
D-055,je paie un(e) assistant(e) pour saisir les devis et factures et pointer les règlements dans une petite entreprise du bâtiment,jobs,https://candidat.francetravail.fr/offres/recherche/detail/206XWXF,2026-07-25,2,Assistant polyvalent agence BTP Tresses (33) + assistant exploitation BTP Six-Fours 183WVWX ; TPE artisanale ; hebdomadaire
D-058,je paie un gestionnaire de sinistres/assistant copro pour traiter les demandes d'intervention et de devis des copropriétaires,jobs,https://candidat.francetravail.fr/offres/recherche/detail/202MSCF,2026-07-25,2,Assistant syndic Sorgues (traitement demandes d'intervention et devis) + Asnières (OS et suivi sinistres simples) ; quotidien en cabinet
E-004,"J'apprends les lancements et les levées de mes concurrents trois mois trop tard, par hasard.",forward,https://www.forward-ai.fr/cas-d-usage/famille/linkup/,2026-07,2,famille: LinkUp | cas original: Gardez un œil sur vos concurrents (Veille) | DUP: E-007 — forward ; URLs: https://www.forward-ai.fr/cas-d-usage/famille/linkup/
E-010,Extraire une liste de prospects qualifiés depuis Sales Navigator me demande des heures de copier-coller manuel.,forward,https://www.forward-ai.fr/cas-d-usage/famille/unipile/,2026-07,2,famille: Unipile | cas original: Sortez une liste de prospects qualifiés de Sales Navigator (Prospection) | DUP: E-011 — forward ; URLs: https://www.forward-ai.fr/cas-d-usage/famille/unipile/
E-013,Des dizaines de personnes réagissent à mes posts LinkedIn et je n'arrive pas à les convertir en liste de prospects exploitable.,forward,https://www.forward-ai.fr/cas-d-usage/famille/unipile/,2026-07,2,famille: Unipile | cas original: Transformez les réactions d'un post en liste de prospects (Prospection) | DUP: E-083 — forward ; URLs: https://www.forward-ai.fr/cas-d-usage/famille/apify/
E-082,Identifier les influenceurs de ma niche sur Instagram me prend des heures de recherche manuelle.,forward,https://www.forward-ai.fr/cas-d-usage/famille/apify/,2026-07,2,famille: Apify | cas original: Trouvez les influenceurs de votre niche (Influence) | DUP: E-089 — forward ; URLs: https://www.forward-ai.fr/cas-d-usage/famille/apify/
E-088,TikTok bouge vite et je suis incapable de dire ce qui marche dans ma niche en ce moment.,forward,https://www.forward-ai.fr/cas-d-usage/famille/apify/,2026-07,2,famille: Apify | cas original: Repérez les tendances TikTok de votre niche (Veille) | DUP: E-091 — forward ; URLs: https://www.forward-ai.fr/cas-d-usage/famille/apify/
E-092,"Sur Reddit les gens parlent sans filtre de mon marché, mais je n'ai pas le temps d'écouter ce qui s'y dit.",forward,https://www.forward-ai.fr/cas-d-usage/famille/apify/,2026-07,2,famille: Apify | cas original: Écoutez ce qu'on dit sur Reddit de votre marché (Veille) | DUP: E-093 — forward ; URLs: https://www.forward-ai.fr/cas-d-usage/famille/apify/
E-094,Un produit Amazon a des centaines d'avis et les analyser à la main est impossible.,forward,https://www.forward-ai.fr/cas-d-usage/famille/apify/,2026-07,2,famille: Apify | cas original: Analysez les avis d'un produit Amazon (E-commerce) | DUP: E-097 — forward ; URLs: https://www.forward-ai.fr/cas-d-usage/famille/apify/
E-098,Je prépare mes campagnes publicitaires sans savoir ce que mes concurrents diffusent.,forward,https://www.forward-ai.fr/cas-d-usage/famille/apify/,2026-07,2,famille: Apify | cas original: Espionnez les pubs d'un concurrent (Publicité) | DUP: E-101 — forward ; URLs: https://www.forward-ai.fr/cas-d-usage/famille/apify/
E-099,"Je teste mes angles de pub à l'aveugle, sans données sur ce qui convertit.",forward,https://www.forward-ai.fr/cas-d-usage/famille/apify/,2026-07,2,famille: Apify | cas original: Trouvez les angles publicitaires qui convertissent (Publicité) | DUP: E-100 — forward ; URLs: https://www.forward-ai.fr/cas-d-usage/famille/apify/
A-001,"Gérer plusieurs deals MCA avec des spreadsheets éparpillés, des emails et des relances manuelles devient ingérable.",reddit,https://www.reddit.com/r/smallbusiness/comments/1j04z4t/,2025-03,1,"r/smallbusiness — courtier/funder MCA (merchant cash advance), cherche un outil de suivi de deals"
A-002,"Je cherche un moyen de prélever automatiquement mes clients abonnés au mois, sans courir après les paiements.",reddit,https://www.reddit.com/r/smallbusiness/comments/1j0b9r1/,2025-03,1,r/smallbusiness — petite entreprise de services avec abonnements mensuels
A-003,"Des leads passent à la trappe parce que je jongle entre les urgences, les clients et l'équipe — impossible de tout suivre.",reddit,https://www.reddit.com/r/smallbusiness/comments/1iipe5j/,2025-02,1,"r/smallbusiness — patron de PME service, suivi de leads informel qui craque"
A-004,Compter la caisse et équilibrer les tiroirs chaque jour est chronophage et source d'erreurs.,reddit,https://www.reddit.com/r/smallbusiness/comments/1g9n8vf/,2024-10,1,"r/smallbusiness — commerce physique, gestion du cash manuelle"
A-005,"Il me faut une doc interne avec liens et recherche, mais sans payer une licence de plus en dehors de Microsoft 365.",reddit,https://www.reddit.com/r/smallbusiness/comments/1ejli5c/,2024-08,1,"r/smallbusiness — PME sous M365, refuse d'empiler les licences (Confluence critiqué)"
A-006,Je gère une petite boutique en ligne et il me faut un suivi d'inventaire avec scan code-barres/QR simple.,reddit,https://www.reddit.com/r/smallbusiness/comments/1jzrjdt/,2025-04,1,"r/smallbusiness — petit e-commerçant, inventaire manuel"
A-007,"Aucun outil ne combine correctement paiements, CRM, plans d'action et automatisation — Honeybook et Dubsado déçoivent.",reddit,https://www.reddit.com/r/smallbusiness/comments/1j89iee/,2025-03,1,"r/smallbusiness — solopreneur services, critique Honeybook/Dubsado"
A-008,"Traiter des téraoctets de rushes 4K pour les banques d'images (découpe, tagging, étalonnage) est un travail énorme.",reddit,https://www.reddit.com/r/smallbusiness/comments/1irmnpa/,2025-02,1,"r/smallbusiness — vidéaste stock footage, pipeline média manuel"
A-009,"Suivre à la main les échéances de renouvellement, les calendriers de paiement et les clauses de mes contrats est un fardeau.",reddit,https://www.reddit.com/r/smallbusiness/comments/1hk58ih/,2024-12,1,"r/smallbusiness — PME, contract management sans outil dédié"
A-010,Je veux un système de solde prépayé pour mon salon mais gérer les soldes clients proprement est compliqué.,reddit,https://www.reddit.com/r/smallbusiness/comments/1gz53kc/,2024-11,1,"r/smallbusiness — gérante de salon, wallet/prepaid clients"
A-011,"Mes documents financiers sont éparpillés entre emails, dossiers et cloud — retrouver une pièce est une galère.",reddit,https://www.reddit.com/r/smallbusiness/comments/1jyhhf9/,2025-04,1,"r/smallbusiness — dirigeant PME, GED financière inexistante"
A-012,La volatilité des devises et 4% de frais bancaires rongent mes marges sur les ventes internationales.,reddit,https://www.reddit.com/r/smallbusiness/comments/1jyu004/,2025-04,1,"r/smallbusiness — PME export, coût cité : ~4% de frais de change"
A-013,Vérifier manuellement les permis de taxe de vente sur les sites de chaque État est extrêmement chronophage.,reddit,https://www.reddit.com/r/smallbusiness/comments/1iu2omc/,2025-02,1,"r/smallbusiness — compliance sales tax US, vérification État par État"
A-014,Suivre les analytics social media de plusieurs plateformes me prend un temps fou sans produire d'insight actionnable.,reddit,https://www.reddit.com/r/smallbusiness/comments/1hr3frf/,2024-12,1,"r/smallbusiness — PME ; attention : espace adjacent (scheduling) sur-servi, la douleur est la consolidation analytics"
A-015,Je veux partager un calculateur type Excel avec mes clients sans les forcer à créer un compte.,reddit,https://www.reddit.com/r/smallbusiness/comments/1g888hs/,2024-10,1,r/smallbusiness — partage de spreadsheets interactifs vers clients externes
A-016,Aucun outil de facturation ne gère bien les paiements échelonnés avec relances automatiques à chaque échéance.,reddit,https://www.reddit.com/r/smallbusiness/comments/1k641t1/,2025-04,1,"r/smallbusiness — facturation à jalons + dunning automatique, veut import Excel"
A-017,"Choisir un logiciel en équipe = chaînes d'emails sans fin, douze versions du même spreadsheet et zéro clarté sur qui décide.",reddit,https://www.reddit.com/r/smallbusiness/comments/1kg2tb9/,2025-05,1,r/smallbusiness — process d'évaluation/achat de logiciels en PME
A-018,Le mapping de contrôles de conformité à la main dans des spreadsheets est épuisant et casse à chaque changement de réglementation.,reddit,https://www.reddit.com/r/msp/comments/1je0bdp/,2025-03,1,r/msp — MSP faisant du compliance (mapping multi-référentiels)
A-019,Basculer manuellement entre 125 tenants Microsoft est pénible — Lighthouse est trop limité pour un consultant solo.,reddit,https://www.reddit.com/r/msp/comments/1fvtsoy/,2024-10,1,"r/msp — consultant M365 solo, critique MS Lighthouse, cite CIPP/N-able"
A-020,Synchroniser les configurations NinjaRMM vers ConnectWise pour 100+ clients à la main est d'un pénible absolu.,reddit,https://www.reddit.com/r/msp/comments/1irun0x/,2025-02,1,"r/msp — intégration RMM/PSA, verbatim original : tedious as hell"
A-021,Migrer des comptes desktop locaux vers des comptes Entra est un process manuel fastidieux poste par poste.,reddit,https://www.reddit.com/r/msp/comments/1gl56oh/,2024-11,1,r/msp — migrations M365 famille vers Business Premium
A-023,Rédiger des Statements of Work détaillés à la main prend des heures et on oublie des éléments de périmètre.,reddit,https://www.reddit.com/r/msp/comments/1f1vopm/,2024-08,1,r/msp — génération de SoW/devis projets
A-025,Exporter 794 boîtes mail une par une depuis Datto SaaS Backup est fastidieux et le portail rame.,reddit,https://www.reddit.com/r/msp/comments/1dnfdrp/,2024-06,1,r/msp — critique Datto SaaS Protection
A-026,Me connecter chez chaque client pour vérifier que les backups sont bien partis offsite est un process manuel pénible.,reddit,https://www.reddit.com/r/msp/comments/1cd6log/,2024-04,1,r/msp — vérification de backups StorageCraft/Wasabi client par client
A-027,Configurer 25+ iPads partagés avec les mêmes réglages encore et encore est fastidieux.,reddit,https://www.reddit.com/r/msp/comments/1de6nlx/,2024-06,1,r/msp — MDM pour flottes de tablettes partagées
A-028,Suivre la facturation O365/Azure de plein de petits clients est douloureux et pas rentable.,reddit,https://www.reddit.com/r/msp/comments/18woggp/,2024-01,1,r/msp — refacturation cloud multi-clients
A-029,"Reproduire un layout de bureau, menu démarrer et programmes par défaut identiques pour chaque user est fastidieux.",reddit,https://www.reddit.com/r/msp/comments/1eoeggv/,2024-08,1,r/msp — standardisation de postes Windows
A-030,"Hudu est limité dès qu'on sort du basique : IPAM pauvre, filtrage et recherche insuffisants.",reddit,https://www.reddit.com/r/msp/comments/1j5bte4/,2025-03,1,r/msp — critique Hudu (documentation MSP)
A-032,Le provisioning manuel des licences cloud/on-prem crée des erreurs de facturation et des ratés d'équipe.,reddit,https://www.reddit.com/r/msp/comments/1i850gx/,2025-01,1,"r/msp — suivi des licences, rien ne colle dans le PSA existant"
A-033,"Notre stack sécurité est fragmentée entre SIEM, EDR, vuln, IAM, email, BDR — trop de vendors à gérer.",reddit,https://www.reddit.com/r/msp/comments/1hkcgqr/,2024-12,1,r/msp — fragmentation d'outils cybersécurité
A-034,Gérer la reconnaissance de revenus de frais de scolarité dans Excel devient ingérable avec la croissance.,reddit,https://www.reddit.com/r/Accounting/comments/1e0i1m5/,2024-07,1,"r/Accounting — comptable secteur éducation, rev rec dans Excel, gaps d'intégration Xero"
A-036,Les batchs du terminal de paiement (14h) et du système de caisse (minuit) sont décalés : la réconciliation quotidienne ne tombe jamais juste.,reddit,https://www.reddit.com/r/Accounting/comments/1i6rixv/,2025-01,1,r/Accounting — réconciliation paiements/POS avec horaires de batch incompatibles
A-037,"En solo je jongle entre 5 plateformes (compta, Excel, Word, e-signature, drive) — inefficace et coûteux.",reddit,https://www.reddit.com/r/Accounting/comments/1emvek8/,2024-08,1,"r/Accounting — expert-comptable solo, fragmentation d'outils de practice management"
A-038,Excel s'écroule sur des fichiers de plusieurs millions de lignes et je ne veux pas apprendre SQL.,reddit,https://www.reddit.com/r/Accounting/comments/1ba6048/,2024-03,1,r/Accounting — analyse de gros volumes de données comptables
A-039,Écrire des fiches de poste me prend un temps fou et le résultat n'est jamais satisfaisant.,reddit,https://www.reddit.com/r/recruiting/comments/1g3homu/,2024-10,1,"r/recruiting — recruteur in-house, rédaction de JD"
A-040,Je suis 75-100 candidats avec 15-20 credentials chacun et des relances hebdo — la charge admin est écrasante.,reddit,https://www.reddit.com/r/recruiting/comments/1k7orxv/,2025-04,1,"r/recruiting — recruteur healthcare/credentialing, ATS jugé compliqué"
A-041,"La base candidats de notre ATS intégré est mauvaise, on retombe sur des spreadsheets pour les notes — fastidieux.",reddit,https://www.reddit.com/r/recruiting/comments/1def14n/,2024-06,1,"r/recruiting — a quitté Bullhorn/Crelate, débat ATS/HRIS tout-en-un vs séparés"
A-043,"Mon process de sourcing de leads (éplucher Indeed, qualifier, rechercher l'entreprise, saisir dans le CRM) est fastidieux et lourd.",reddit,https://www.reddit.com/r/recruiting/comments/1g7hcxw/,2024-10,1,"r/recruiting — agence de recrutement, utilise Pipedrive (non spécialisé recrutement)"
A-044,Gérer un repo GitHub personnalisé par candidat pour les take-home tests est assez fastidieux.,reddit,https://www.reddit.com/r/recruiting/comments/1bk6coz/,2024-03,1,"r/recruiting — tech hiring, logistique des tests techniques"
A-045,Planifier les appels de référence = des allers-retours d'emails sans fin ; il me faudrait un Calendly pour des tiers.,reddit,https://www.reddit.com/r/recruiting/comments/1k01v1u/,2025-04,1,"r/recruiting — reference checks, scheduling à 3 parties"
A-046,Notre staffing médical tourne sur Deputy + Zoho + Google Sheets + Jotform + SignNow + OpenPhone — l'éclatement nous ralentit.,reddit,https://www.reddit.com/r/recruiting/comments/1j55hr9/,2025-03,1,"r/recruiting — agence de staffing healthcare, 6 outils non intégrés"
A-047,"Les ATS existants (Greenhouse, Pinpoint, Ashby) ne collent pas aux besoins d'une agence de recrutement.",reddit,https://www.reddit.com/r/recruiting/comments/1hsym8t/,2025-01,1,"r/recruiting — agence, cherche ATS agency-first avec automatisation"
A-048,"Les ATS d'entreprise sont sur-compliqués, bourrés de fonctions inutiles et pénibles à naviguer.",reddit,https://www.reddit.com/r/recruiting/comments/1ibxill/,2025-02,1,r/recruiting — frustration générale contre les ATS enterprise
A-050,"L'onboarding ADP a été horrible : spreadsheets à remplir à la main, appels de setup interminables — et 3500 livres de frais de résiliation.",reddit,https://www.reddit.com/r/humanresources/comments/1gfu0m9/,2024-10,1,"r/humanresources — PME UK, critique ADP, coût de sortie cité"
A-052,"Notre process de rémunération (augmentations, bonus) pour 700 personnes tourne sur des formules Excel maison.",reddit,https://www.reddit.com/r/humanresources/comments/1axf7i6/,2024-02,1,r/humanresources — comp review annuel sur Excel
A-053,Je n'arrive pas à suivre les documents des nouveaux embauchés malgré mon spreadsheet de tracking.,reddit,https://www.reddit.com/r/humanresources/comments/1g4jah3/,2024-10,1,"r/humanresources — HR coordinator, suivi des dossiers d'onboarding"
A-054,"Le self-billing MetLife est très manuel et franchement horrible, avec des erreurs de facturation à la clé.",reddit,https://www.reddit.com/r/humanresources/comments/1f2654c/,2024-08,1,"r/humanresources — benefits admin, réconciliation de factures assureur"
A-055,"Gérer les pièces jointes email (RFI, avenants, certificats de paiement, plans) me bouffe un temps énorme.",reddit,https://www.reddit.com/r/Construction/comments/1abk6qe/,2024-01,1,r/Construction — gestion documentaire chantier depuis la boîte mail
A-056,On passe à 5M+ de CA avec une équipe squelettique et aucun système — tout repose sur ma tête.,reddit,https://www.reddit.com/r/Construction/comments/1hg1d5s/,2024-12,1,"r/Construction — entrepreneur BTP en croissance, cherche job management software"
A-059,"Entre Stack, QuickBooks et QB Time, on perd le fil de l'affectation matériaux et main-d'oeuvre par chantier.",reddit,https://www.reddit.com/r/Construction/comments/1b88k96/,2024-03,1,"r/Construction — petit sous-traitant, fragmentation devis/compta/temps"
A-061,Évaluer méthodiquement des marchés avant d'investir hors de mon État demande une consolidation de données manuelle.,reddit,https://www.reddit.com/r/realestateinvesting/comments/1eq4gv8/,2024-08,1,r/realestateinvesting — sélection de ville d'investissement out-of-state
A-064,"Avec 100+ lots, je cherche quoi automatiser en property management — AppFolio ne suffit pas.",reddit,https://www.reddit.com/r/realestateinvesting/comments/1iteqrr/,2025-02,1,"r/realestateinvesting — bailleur 100+ unités, critique AppFolio, frais de gestion 10%+ cités"
A-066,Je viens de signer mes premiers clients et je patauge sur les prix et le choix du logiciel.,reddit,https://www.reddit.com/r/sweatystartup/comments/1fov6z0/,2024-09,1,"r/sweatystartup — créateur d'entreprise de services, a pris Jobber par défaut"
A-067,Je lance une boîte de menuiserie commerciale et le chiffrage/takeoff est mon gros point noir.,reddit,https://www.reddit.com/r/sweatystartup/comments/1kjhlfd/,2025-05,1,"r/sweatystartup — menuiserie B2B, estimation avant lancement"
A-068,"En solo, il me faut booking, facturation et blocage de créneaux par zone géographique — sans usine à gaz.",reddit,https://www.reddit.com/r/sweatystartup/comments/1kgyprw/,2025-05,1,"r/sweatystartup — home service solo, time-blocking géographique introuvable"
A-069,"La charge admin (réservations manuelles, paiements, comms clients) tue ma productivité au salon.",reddit,https://www.reddit.com/r/sweatystartup/comments/1kotwuz/,2025-05,1,"r/sweatystartup — salon, Square + Google Calendar gérés à la main"
A-070,"Ma boîte de ménage grossit et je ne sais pas quel stack gérer bookings, intervenantes et organisation.",reddit,https://www.reddit.com/r/sweatystartup/comments/1k5zwp0/,2025-04,1,"r/sweatystartup — cleaning business en scaling, utilise GHL"
A-071,"BookingKoala est tombé 4h30 : les clients ne pouvaient plus réserver, revenus perdus.",reddit,https://www.reddit.com/r/sweatystartup/comments/1je9t70/,2025-03,1,"r/sweatystartup — cleaning, critique BookingKoala (fiabilité)"
A-072,Passer de solo à un modèle avec sous-traitants : je n'ai ni logiciel ni process pour gérer une équipe.,reddit,https://www.reddit.com/r/sweatystartup/comments/1ivn28a/,2025-02,1,"r/sweatystartup — cleaning, évalue Zenmaid/Launch27/BookingKoala"
A-073,Analyser mes données Shopify dans des spreadsheets est fastidieux et les outils clés en main sont trop rigides.,reddit,https://www.reddit.com/r/ecommerce/comments/1buicm7/,2024-04,1,"r/ecommerce — marchand Shopify, analytics actionnable introuvable"
A-074,"Créer les comptes, suivre et renouveler manuellement chaque abonnement vendu n'est plus tenable avec la demande.",reddit,https://www.reddit.com/r/ecommerce/comments/1kgsy2z/,2025-05,1,"r/ecommerce — vendeur d'abonnements en ligne, provisioning manuel"
A-075,Stripe a gelé mon compte sans prévenir : 145k de payouts bloqués malgré de bonnes métriques.,reddit,https://www.reddit.com/r/ecommerce/comments/1iplxup/,2025-02,1,"r/ecommerce — critique des holds Stripe, montant cité : 145 000 dollars"
A-076,Un client satisfait a quand même lancé un chargeback de 1675 dollars et menace de garder la marchandise.,reddit,https://www.reddit.com/r/ecommerce/comments/1hmzs42/,2024-12,1,"r/ecommerce — litiges/chargebacks, système jugé pro-consommateur"
A-077,Auto-entrepreneur eBay : impossible de donner mon adresse perso pour les retours et les PO box coûtent cher.,reddit,https://www.reddit.com/r/ecommerce/comments/1hmmq3i/,2024-12,1,r/ecommerce — logistique retours pour micro-vendeur
A-078,Un colis marqué retourné à l'expéditeur a disparu : zéro visibilité sur ce que fait le partenaire de fulfillment.,reddit,https://www.reddit.com/r/ecommerce/comments/1ibsbv2/,2025-02,1,r/ecommerce — opacité des retours/reverse logistics (Lasership cité)
A-080,"Facturation et gestion client éclatées entre spreadsheets, Bill.com, HubSpot et QuickBooks — rien ne s'intègre.",reddit,https://www.reddit.com/r/agency/comments/1dzdewi/,2024-07,1,"r/agency — agence mid-size, frais ACH Stripe qualifiés d'exorbitants"
A-082,Les handoffs design vers validation vers digital vers média créent des goulots — impossible de trouver un process transverse.,reddit,https://www.reddit.com/r/agency/comments/1bbn24u/,2024-03,1,"r/agency — workflow inter-équipes, Monday/Zapier/PageProof ne suffisent pas"
A-086,Il me faut des contrats de prestation solides sans payer un avocat à chaque fois.,reddit,https://www.reddit.com/r/agency/comments/1dw5tna/,2024-07,1,"r/agency — freelance multi-services, templates LegalZoom/Bonsai 300-500 dollars"
A-087,Le staff ne complète pas les checklists de service et un shift lead esquive ses tâches de fermeture depuis deux mois.,reddit,https://www.reddit.com/r/restaurantowners/comments/1jd80ng/,2025-03,1,r/restaurantowners — accountability des tâches d'équipe en restauration
A-088,Après 1 an et demi d'ouverture je n'arrive toujours pas à me payer — mon suivi financier sur spreadsheets ne marche pas.,reddit,https://www.reddit.com/r/restaurantowners/comments/1boihd3/,2024-03,1,"r/restaurantowners — patron de restaurant, évalue MarketMan/R365/xtraCHEF"
A-089,Épicerie + restaurant combinés : il me faut un système intégré caisse + inventaire pour une toute petite structure.,reddit,https://www.reddit.com/r/restaurantowners/comments/196763a/,2024-01,1,r/restaurantowners — commerce mixte en zone rurale
A-091,"Notre stack pizza (Square, Gusto, QuickBooks, MarginEdge, Uber Eats) crée une vraie complexité opérationnelle.",reddit,https://www.reddit.com/r/restaurantowners/comments/1bna35z/,2024-03,1,r/restaurantowners — fragmentation tech en restauration indépendante
A-092,"Avec deux restaurants, la saisie d'inventaire et de comptes déborde la capacité du manager en période de rush.",reddit,https://www.reddit.com/r/restaurantowners/comments/1beu20l/,2024-03,1,"r/restaurantowners — multi-sites, backlog de saisie quotidienne/hebdo"
A-093,"Après export bancaire, aucun outil simple et efficace pour analyser réellement mes dépenses.",reddit,https://www.reddit.com/r/vosfinances/comments/1cbsg1j/,2024-04,1,"r/vosfinances — a essayé Excel/Power BI/Notion, tous insatisfaisants"
A-094,"Suivre un portefeuille multi-courtiers en Europe = saisie manuelle des secteurs, aucune agrégation correcte.",reddit,https://www.reddit.com/r/vosfinances/comments/1f0i72m/,2024-08,1,"r/vosfinances — agrégation multi-brokers UE, Portfolio Performance cité"
A-095,Modéliser le cashflow de plusieurs biens locatifs : les outils sont mono-bien et mon comptable facture 390 euros la simulation.,reddit,https://www.reddit.com/r/vosfinances/comments/1ghuzay/,2024-11,1,"r/vosfinances — investisseur immo FR, Lybox limité, Horiz.io/Qlower explorés, coût cité 390 euros"
A-096,En auto-entrepreneur je re-saisis tout dans Excel après la facturation — la compta est éclatée entre outils.,reddit,https://www.reddit.com/r/vosfinances/comments/1bb8k8c/,2024-03,1,"r/vosfinances — freelance FR, doublon facturier + tableur"
A-097,Soumettre son SaaS aux annuaires un par un est long et truffé d'erreurs.,reddit,https://www.reddit.com/r/microsaas/comments/1hjvb0o,2024-12,1,"r/microsaas — founder ; douleur énoncée par un builder qui la monétise (à revalider), 75 dollars cités"
A-098,Chercher manuellement des mots-clés dans les subreddits pour trouver des leads est un gouffre à temps.,reddit,https://www.reddit.com/r/microsaas/comments/1kf6vp5,2025-05,1,r/microsaas — founder ; douleur énoncée par un builder (à revalider)
A-100,La rédaction manuelle de PDF caviardés est épuisante et les outils automatiques sur- ou sous-caviardent.,reddit,https://www.reddit.com/r/microsaas/comments/1kbup4n,2025-04,1,r/microsaas — redaction de PDF ; douleur énoncée par un builder (à revalider) ; attention frontière réglementaire selon usage
A-101,Les freelances et nouveaux arrivants devinent le ton de marque — et se trompent.,reddit,https://www.reddit.com/r/microsaas/comments/1kdwr1j,2025-04,1,r/microsaas — brand consistency ; douleur énoncée par un builder (à revalider)
A-102,Grasshopper : mon forfait VOIP à 29 dollars est monté à 63 avec les frais cachés — je suis reparti ailleurs.,reddit,https://www.reddit.com/r/EntrepreneurRideAlong/comments/1fple32/,2024-09,1,"r/EntrepreneurRideAlong — TPE, critique Grasshopper, alternative FreedomVoice 9,95 dollars citée"
A-103,"Mes pubs Reddit ne génèrent que des clics de bots : 300 visites en quelques minutes, zéro humain.",reddit,https://www.reddit.com/r/EntrepreneurRideAlong/comments/1kl1wpp/,2025-05,1,"r/EntrepreneurRideAlong — founder solo, fraude au clic multi-plateformes (X, Reddit, Meta)"
B-010,Intégrations survendues : le SMS sortant via RingCentral nécessite un service tiers payant jamais annoncé à la vente,reviews,https://www.capterra.com/p/125768/Zoho-Recruit/reviews/,2026-07,1,Outil: Zoho Recruit ; reviewer: dirigeant d'agence
B-015,App mobile nettement moins capable que le desktop pour travailler en déplacement,reviews,https://www.softwareadvice.com/staffing-agency/recruit-crm-profile/,2026-07,1,Outil: Recruit CRM ; reviewers: recruteurs terrain
B-019,"Erreur système : un prélèvement locataire supprimé, le gestionnaire sommé de re-saisir 3 paiements à la main",reviews,https://www.bbb.org/us/ma/boston/profile/computer-software/buildium-llc-0021-28244/complaints,2025-06,1,Outil: Buildium ; reviewer: property manager (plainte BBB)
B-029,Aucune piste d'audit : pas d'historique des emails envoyés ni d'empreinte des modifications de données,reviews,https://www.getonecrew.com/post/jobber-reviews,2026-07,1,Outil: Jobber ; reviewer: gérant field service (Capterra)
B-030,Job costing cassé : les coûts des jobs issus d'intégrations (Thumbtack) ne remontent pas dans le système,reviews,https://www.getonecrew.com/post/jobber-reviews,2026-07,1,Outil: Jobber ; reviewer: contractor (Trustpilot)
B-037,Impossible d'ajouter des photos pour illustrer les ouvrages dans les devis,reviews,https://independant.io/avis/obat/,2026-07,1,Outil: Obat ; reviewers: artisans BTP FR
B-041,Pas de règles automatiques d'affectation dans le plan de base,reviews,https://tool-advisor.fr/logiciel-comptabilite/comparatif/pennylane-compta/,2026-07,1,Outil: Pennylane ; reviewers: indépendants
B-043,Encaissement de chèques limité à 10/mois puis 2€ par chèque : problématique pour certains commerces,reviews,https://les-experts-comptables.fr/avis-tiime,2026-07,1,Outil: Tiime ; reviewers: commerçants
B-045,"Mal adapté aux PME multi-sites : pas de connecteurs ERP avancés, verticaux métier mal servis",reviews,https://ma-facture-electronique.org/plateforme-agreee/liste-officielle/tiime/,2026-07,1,Outil: Tiime ; reviewers: PME
B-059,Remboursement après une erreur de l'app : 3 emails au support et un mois d'attente,reviews,https://www.trustpilot.com/review/zenchef.com,2026-07,1,Outil: Zenchef ; reviewer: client final (impact restaurateur)
B-062,Problème signalé au support resté sans résolution pendant plus de 2 mois,reviews,https://www.getapp.fr/reviews/2052141/combo,2026-07,1,Outil: Combo (ex-Snapshift) ; reviewer: manager restauration
B-063,Pas de gestion automatisée des congés payés dans un outil de planning RH restauration,reviews,https://conseils-astuces-rh.fr/avis-combo-rh/,2026-07,1,Outil: Combo ; reviewers: gérants restauration
B-064,Tarification inadaptée : aucun ajustement au nombre réel d'employés suivis,reviews,https://www.getapp.fr/reviews/2052141/combo,2026-07,1,Outil: Combo ; reviewer: gérant multi-sites
B-076,"L'automatisation d'inventaire, incluse avant, est devenue un add-on payant à 19$/mois",reviews,https://commercelogica.com/reviews/veeqo-review/,2026-07,1,Outil: Veeqo ; reviewers: e-commerçants
B-080,Valorisation du stock fausse : les commandes d'achat incrémentent la valeur mais les ventes ne déduisent pas correctement le coût,reviews,https://www.business.org/finance/inventory-management/cin7-review/,2026-07,1,Outil: Cin7 ; reviewer: responsable ops e-commerce
C-001,Drafting and executing service agreements and statements of work with new vendors is our biggest bottleneck,indie,https://news.ycombinator.com/item?id=13337024,2017-01,1,"HN Ask 'manual processes to automate', user hentrep, pharma. Vendor contracting/SOW workflow with legal queue; asked for templates + request queue + status updates."
C-002,It recently took me two months to get an $11/month pingdom account,indie,https://news.ycombinator.com/item?id=13337024,2017-01,1,"Same HN thread, user pgroves, government org. Vendor approval/procurement of small SaaS: TOS review office, no credit cards, no recurring payments."
C-003,Onboarding of new customers... nothing to even track the steps and things I do to get them set up,indie,https://news.ycombinator.com/item?id=13337024,2017-01,1,"User blakesterz, hosting SMB. Tried every task/project manager, all 'good enough' at best. Customer-onboarding checklist/runbook automation gap."
C-004,One of the developers here types up instructions each time we install a new site,indie,https://news.ycombinator.com/item?id=13337024,2017-01,1,"User devopsproject. Per-customer setup (network folders) done by hand over remote sessions; hundreds of hours lost, script never prioritized."
C-006,We hire tons of ICs two times per year. We run into bottlenecks due to time on the phone during interviews,indie,https://news.ycombinator.com/item?id=13337024,2017-01,1,"User MooBah. Seasonal contractor hiring: repetitive phone screening at volume, no consistent way to screen."
C-007,"We take the docs, excel files, and charts into InDesign to create a nicely designed PDF... I need to automate this workflow",indie,https://news.ycombinator.com/item?id=13337024,2017-01,1,User danraftis. Recurring branded long-document/report production (text+charts+tables); two commenters offered to build it = demand signal.
C-008,"Rates vary daily, so our salesperson has to stop the sales process to get a freight quotation",indie,https://news.ycombinator.com/item?id=13337024,2017-01,1,"User michael_michael, sells large equipment to food & spirits industry. Domestic pallet freight rate quoting/booking interrupts sales; 3PLs still require manual bids."
C-009,Find a form or template... 'we worked on a deal pretty similar three months ago -- use that',indie,https://news.ycombinator.com/item?id=13337024,2017-01,1,"User andrewfong, ex-BigLaw. Legal document assembly from ad-hoc templates + manual version tagging; billable-hour incentives block automation (enraged_camel)."
C-010,It's really time-consuming and expensive to get decent terms of service/privacy policy out of your local lawyer,indie,https://news.ycombinator.com/item?id=13337024,2017-01,1,User jehna1. SMB legal docs = copy-pasted template + 2 weeks back-and-forth email; liability question is the blocker to automation (blazespin).
C-012,I wish a customer could press 'Price Quote' instead of 'Order' and get a PDF for their purchasing department,indie,https://news.ycombinator.com/item?id=13337024,2017-01,1,User DougN7. B2B self-serve quote generation from order forms; 'would take a few hours but never prioritized'.
C-013,I recently mostly automated refund calculations,indie,https://news.ycombinator.com/item?id=13337024,2017-01,1,User notwhereyouare. Refund computation as manual back-office task needing verification stage.
C-016,"They had us printing a report from an HTML document, cutting out portions with scissors, and photocopying... to mail to the client",indie,https://news.ycombinator.com/item?id=13337024,2017-01,1,"User bryondowd, tech-support shop. Client report production literally paper-based; knowledge not transferable when employee left."
C-017,Dealing with US banks from abroad. It took an absurd amount of effort to get an account opened,indie,https://news.ycombinator.com/item?id=13337024,2017-01,1,"User xiaoma. Non-resident founders vs US business banking; regulation-driven, ambiguous for micro-SaaS (compliance-heavy)."
C-019,"I work in manufacturing and I see Excel everywhere... share with accounting, purchasing, warehouse, shop floor, sales, and a vendor",indie,https://news.ycombinator.com/item?id=33611431,2022-11,1,User itishappy. Manufacturing coordination across departments+vendors via one Excel; 30-year-old cost sheets still in use.
C-020,JPM had over 20k MS Access databases on their file servers. The company I worked for had over 12k,indie,https://news.ycombinator.com/item?id=33611431,2022-11,1,User _boffin_. Shadow-IT Access/Excel databases at scale in enterprises; migration to real workflows is endless.
C-022,Spreadsheets are very bad on mobile... I would maybe even pay for a better spreadsheet or DB frontend on mobile,indie,https://news.ycombinator.com/item?id=33611431,2022-11,1,User return_to_monke. Mobile spreadsheet/DB UX gap incl. macros not working; explicit willingness to pay.
C-023,"A portion of option dealing was run on MS Office VBA, the oldest code dated from 1998",indie,https://news.ycombinator.com/item?id=33611431,2022-11,1,"User hnthrowaway0315. Finance desks on ancient VBA; heavy compliance vertical, signal only."
C-026,"The POS system is just one of many front-ends for inventory, sales reporting, barcoding, purchasing and tax accounting",indie,https://news.ycombinator.com/item?id=6525511,2013-10,1,User dangrossman. Why POS stays bad: hidden integration surface. Any retail micro-SaaS must handle this iceberg.
C-028,Access control devices (biometric) used in small offices have terrible software and useless interfaces,indie,https://news.ycombinator.com/item?id=38882314,2024-01,1,"HN 'boring businesses for hackers', user slake. Cheap Chinese hardware + awful admin software for small-office access control."
C-029,Major shortage of CPAs... Something like 65% of CPAs are 55 or older. This sounds like an opportunity,indie,https://news.ycombinator.com/item?id=38882314,2024-01,1,User keiferski citing FT. Accounting capacity crunch => automation demand in small accounting firms.
C-030,Contact your local sawmill... a lot of questions for cnc-milled parts... he can't find any competent people,indie,https://news.ycombinator.com/item?id=38882314,2024-01,1,User yetihehe. Local manufacturing demand (custom window trims) unserved; quoting/intake for small job shops.
C-031,Wait for a company to be acquired and build a replacement. Acquirers usually abandon or ruin the product,indie,https://news.ycombinator.com/item?id=38882314,2024-01,1,User siliconc0w. Post-acquisition product decay creates orphaned niche users; sourcing strategy signal.
C-032,"I set up ticketing for MSPs, configure invoicing, integrate ERPs to Xero, set up payroll... much of it through integrations",indie,https://news.ycombinator.com/item?id=38882314,2024-01,1,User chris-orgmenta. SMB back-office = hand-glued integrations; a whole consulting trade exists because plug-and-play fails.
C-035,"A lockbox for real estate agents with built-in video camera and mic... visitors not pre-registered (contractors, repair staff, delivery)",indie,https://news.ycombinator.com/item?id=12567645,2016-09,1,"HN 'what do you wish someone would build', user alex5092. Property access audit for agents/landlords; hardware+SaaS."
C-038,"The invoice arrives at the wrong moment in the relationship, in a format the client did not expect",indie,https://www.indiehackers.com/post/i-thought-bookkeeping-software-problems-were-accounting-problems-i-was-wrong-25854191c9,2026-06,1,"Same IH thread, commenter 3vo: late payment is a relationship/timing problem, not billing. Date approximate."
C-040,It's a pain to keep track of contractors they'll pay $600+ per year... calculating amounts owed and managing tax information,indie,https://www.indiehackers.com/post/pitch-an-easy-way-to-manage-and-pay-freelancers-adb21b2103,2020-09,1,IH pitch thread (paraphrase from post). US 1099 contractor payment + tax-form admin for small businesses. Date approximate.
C-046,Ticket #3 from this customer about the same order. Whoever replies doesn't know,indie,https://www.indiehackers.com/post/i-want-to-build-an-ai-support-agent-for-shopify-stores-am-i-solving-a-real-problem-d009ab93b3,2026-07,1,"Same thread, buildingtools. Support context continuity across tickets for small teams."
C-048,Businesses want seamless connections between Shopify and their ERP systems (searches +172%),indie,https://www.indiehackers.com/post/e-commerce/shopify-just-gave-us-15-viable-shopify-app-ideas-that-we-can-build-WpNiv16g5YP4JCO9lrwi,2024-09,1,Same IH post. Shopify-ERP sync incl. industry-specific connectors; overlaps chris-orgmenta ERP-glue pain.
C-049,"Merchants need better internal communication tools — real-time order alerts, task assignment for store teams (searches +161%)",indie,https://www.indiehackers.com/post/e-commerce/shopify-just-gave-us-15-viable-shopify-app-ideas-that-we-can-build-WpNiv16g5YP4JCO9lrwi,2024-09,1,Same IH post. Store-team ops coordination niche.
C-050,Where's the client portal? How do I white-label this? Can my clients comment without creating accounts?,indie,https://www.indiehackers.com/post/i-spent-6-months-building-for-indie-hackers-my-first-real-customer-taught-me-i-was-wrong-c4c6ac27fc,2025-11,1,IH post by Pratham Naik quoting his first agency customer. Agencies: client feedback scattered across Gmail/Slack/texts; need white-label portals with zero-friction client access.
C-052,"Corporate learning platform, $3.6M TTM revenue, asking $8.5M — reason for selling: lack of time",indie,https://blog.acquire.com/top-startups-listings-on-acquire-com-october-edition/,2025-10,1,Acquire.com blog listing roundup (October edition). Founder-capacity ceiling on a working vertical SaaS; pain (corporate training ops) solvent but seller-side plateau.
C-053,"SaaS/agency hybrid, $1.25M TTM revenue — reason for selling: health/life change",indie,https://blog.acquire.com/top-startup-listings-on-acquire-com-may-edition/,2025-05,1,Acquire.com blog (May edition). Hybrid service+software models plateau on founder bandwidth; the service layer signals the software alone doesn't fully solve the pain.
C-054,"No-code tool suite for real estate professionals, $842K TTM revenue, asking $1.7M (2.0x revenue)",indie,https://blog.acquire.com/top-startups-listings-on-acquire-com-october-edition/,2025-10,1,Acquire.com blog. Real-estate-pro tooling sells at low multiple => growth plateau; underlying pain (agent workflows) only partially solved.
C-055,"Employee engagement SaaS, $278K TTM revenue, asking $849K (2.8x revenue, 4.9x profit)",indie,https://blog.acquire.com/top-startups-listings-on-acquire-com-october-edition/,2025-10,1,"Acquire.com blog. HR micro-niche plateaus under ~$300K ARR; engagement pain diffuse, buyer=HR not user."
C-056,"No-code B2B outreach automation tool founded 2024, $500K TTM revenue — reason for selling: pivot to new project",indie,https://blog.acquire.com/top-startups-listings-on-acquire-com-october-edition/,2025-10,1,"Acquire.com blog. Outreach/leadgen niche: fast revenue then fast founder exit => churn-prone, saturated pain."
C-057,The average SaaS startup asks about 2.6x TTM revenue... typical asking price near $484K on ~$203K of revenue,indie,https://bigideasdb.com/saas-valuation-multiples-2026,2026-01,1,Aggregate of 615 live Acquire.com listings. Structural signal: most micro-SaaS plateau ~$200K revenue; 'revenue plateaued 6+ months' cited as common selling reason (startupa.ge exit guide).
C-058,"Micro-SaaS for sale: AI study tracker $280 annual revenue asking $2,700; AI resume checker $864 revenue asking $10,000",indie,https://www.microns.io/,2026-07,1,Microns.io public listings (viewed 2026-07). Long tail of near-zero-revenue AI tools for sale = saturation of horizontal AI wrappers; ambiguous pain signal.
C-060,"Sulsaly — agentic AI sales leads & outreach platform for MENA region: 148 upvotes, bottom of daily top 10",indie,https://www.producthunt.com/leaderboard/daily/2026/6/15,2026-06,1,"Product Hunt daily leaderboard 2026-06-15. Regional vertical sales-ops tool underperforms vs generic AI/dev tools; pain (region-specific outreach across WhatsApp/LinkedIn) exists, PH audience mismatch makes signal ambiguous."
C-061,Realty Voice: it never got the traction needed to become sustainable. I was never able to figure out the correct product/market fit,indie,https://www.indiehackers.com/product/realty-voice/shutting-down--NKTdLcDMp1SgZveg70S,2022-12,1,"IH product shutdown note by Brent Smith. Real-estate voice product; pain it aimed at (agent lead response) real but wedge wrong. Low-traction => douleur mal résolue, signal ambigu."
C-063,"Half were solo freelancers, some were competitors, a few had already solved the problem with existing tools",indie,https://www.indiehackers.com/post/i-spent-months-chasing-clients-who-already-had-a-webmaster-so-i-built-something-that-only-finds-the-ones-who-dont-a48c4e3581,2025-12,1,IH post: web agencies waste prospecting effort on unqualified SMB leads (already have webmaster). Lead-qualification pain for local web services. Date approximate.
C-064,"Community members praised his minimal, simple tool but never paid for it long-term",indie,https://www.indiehackers.com/post/i-spent-6-months-building-for-indie-hackers-my-first-real-customer-taught-me-i-was-wrong-c4c6ac27fc,2025-11,1,Same Pratham Naik post. Meta-pain: indie-hacker validation is misleading; retention 12%->41% after switching to real agency ICP. Kept as sourcing-method signal.
C-065,"Most niche users are now vibe-coding their own solutions, and the number of builders has exploded",indie,https://www.buildmvpfast.com/blog/saas-only-way-out-indie-hacker-dream-desperation-2026,2026-01,1,"Post-mortem essay circulating in IH sphere: the micro-SaaS playbook eroding as end-users self-build with AI; raises the bar for pain depth. Meta signal, date approximate."
D-002,"je paie un intérimaire 14-14,50€/h pour recréer les factures à la main après un changement de logiciel, en allant repêcher les prix et numéros de commande sur plusieurs serveurs puis en ressaisissant tout dans Excel",jobs,https://candidat.francetravail.fr/offres/recherche/detail/211MKKT,2026-07-25,1,"Agent de Facturation (h/f), Adecco Onsite, Fresnes-lès-Montauban, intérim 1 mois 35h, 14-14,50€ brut/h + TR ; douleur = migration logicielle non automatisée"
D-004,"je paie quelqu'un pour saisir les bons de livraison, les factures reçues au courrier, les CRA et classer les documents dans la GED",jobs,https://candidat.francetravail.fr/offres/recherche/detail/210QCLC,2026-07-25,1,"Assistant administratif (H/F), La Flèche (72) ; saisie BL + factures + CRA + GED, flux quotidien"
D-030,"je paie quelqu'un pour relancer les fournisseurs sur les commandes en retard, partielles ou non conformes",jobs,https://candidat.francetravail.fr/offres/recherche/detail/191WHBQ,2026-07-25,1,Assistant achats F/H Garons (30) ; relances fournisseurs quotidiennes
D-034,je paie un assistant marketing pour tenir à jour un calendrier prévisionnel hebdomadaire et les tableaux de suivi d'activité,jobs,https://candidat.francetravail.fr/offres/recherche/detail/210CYDR,2026-07-25,1,Assistant marketing Toulouse (31) ; hebdomadaire
D-036,"je paie un assistant pour enregistrer les réclamations livraison (retards, casse, erreurs) et suivre avoirs et indemnisations jusqu'à résolution",jobs,https://candidat.francetravail.fr/offres/recherche/detail/210WXXM,2026-07-25,1,"Assistant service clients Gennevilliers (92), distribution ; quotidien"
D-042,je paie une secrétaire de scolarité pour gérer inscriptions et dossiers élèves chaque rentrée,jobs,https://candidat.francetravail.fr/offres/recherche/detail/207CLRT,2026-07-25,1,Secrétaire de scolarité Sainte-Geneviève-des-Bois (91) ; pics saisonniers + flux annuel
D-051,je paie un gestionnaire clientèle en affacturage pour saisir et suivre les opérations courantes des comptes clients,jobs,https://www.welcometothejungle.com/fr/companies/bpce-factor/jobs/gestionnaire-clientele-f-h_charenton-le-pont,2026-07-25,1,Gestionnaire clientèle BPCE Factor Charenton-le-Pont CDI ; traitement quotidien de flux de factures cédées
D-052,je paie une secrétaire médicale de médecine du travail pour planifier les visites et convocations des salariés des entreprises adhérentes,jobs,https://candidat.francetravail.fr/offres/recherche/detail/207MKNC,2026-07-25,1,Secrétaire médicale médecine du travail Paris 9 ; planification convocations récurrente ; tâche purement administrative
E-005,"Je décide sur un client, un partenaire ou un recrutement clé sans avoir le temps de vraiment vérifier.",forward,https://www.forward-ai.fr/cas-d-usage/famille/linkup/,2026-07,1,"famille: LinkUp | cas original: La due diligence d'une entreprise, automatisée (Analyse & décision)"
E-008,Je découvre une nouvelle obligation réglementaire une fois le délai déjà passé.,forward,https://www.forward-ai.fr/cas-d-usage/famille/linkup/,2026-07,1,famille: LinkUp | cas original: Ne ratez plus une évolution réglementaire (Veille)
E-009,J'enchaîne les rendez-vous sans avoir le temps de me renseigner sur qui j'ai en face.,forward,https://www.forward-ai.fr/cas-d-usage/famille/linkup/,2026-07,1,famille: LinkUp | cas original: Arrivez préparé à chaque rendez-vous (Commercial & données)
E-014,"Je rate les conversations LinkedIn où l'on parle de mon sujet, faute de pouvoir surveiller le réseau en continu.",forward,https://www.forward-ai.fr/cas-d-usage/famille/unipile/,2026-07,1,famille: Unipile | cas original: Repérez qui parle de votre sujet sur LinkedIn (Prospection)
E-016,Envoyer mes invitations LinkedIn une par une me prend un temps fou et je crains le blocage de mon compte.,forward,https://www.forward-ai.fr/cas-d-usage/famille/unipile/,2026-07,1,famille: Unipile | cas original: Invitez automatiquement votre cible sur LinkedIn (Outreach)
E-017,"Je dois penser à envoyer un message à chaque nouvelle connexion acceptée, et j'en oublie la moitié.",forward,https://www.forward-ai.fr/cas-d-usage/famille/unipile/,2026-07,1,famille: Unipile | cas original: Enchaînez invitation puis message automatiquement (Outreach)
E-018,"Mes prospects LinkedIn restent silencieux et je n'ai pas de système pour les relancer une fois, au bon moment, sans harceler.",forward,https://www.forward-ai.fr/cas-d-usage/famille/unipile/,2026-07,1,famille: Unipile | cas original: Relancez les prospects silencieux (une seule fois) (Outreach)
E-019,Je n'ai pas de moyen industrialisé de contacter un prospect hors de mon réseau LinkedIn (InMail).,forward,https://www.forward-ai.fr/cas-d-usage/famille/unipile/,2026-07,1,famille: Unipile | cas original: Contactez un prospect hors de votre réseau (InMail) (Outreach)
E-020,Mes invitations LinkedIn en attente s'accumulent et saturent mon quota sans que je pense à les nettoyer.,forward,https://www.forward-ai.fr/cas-d-usage/famille/unipile/,2026-07,1,famille: Unipile | cas original: Libérez votre quota en retirant les invitations en attente (Outreach)
E-021,Je laisse traîner les invitations LinkedIn reçues et je rate l'occasion d'accueillir chaque nouveau contact au bon moment.,forward,https://www.forward-ai.fr/cas-d-usage/famille/unipile/,2026-07,1,famille: Unipile | cas original: Acceptez vos invitations et accueillez automatiquement (Outreach)
E-022,Sourcer une shortlist de candidats sur LinkedIn me prend des heures de recherche manuelle.,forward,https://www.forward-ai.fr/cas-d-usage/famille/unipile/,2026-07,1,famille: Unipile | cas original: Sortez une shortlist de candidats en quelques minutes (Recrutement)
E-023,Je n'ai aucun moyen simple de repérer les entreprises qui recrutent le poste que je cible.,forward,https://www.forward-ai.fr/cas-d-usage/famille/unipile/,2026-07,1,famille: Unipile | cas original: Repérez les entreprises qui recrutent un poste cible (Recrutement)
E-025,Publier mes offres d'emploi sur LinkedIn depuis mon ATS demande des manipulations manuelles répétées.,forward,https://www.forward-ai.fr/cas-d-usage/famille/unipile/,2026-07,1,famille: Unipile | cas original: Publiez vos offres d'emploi par API (Recrutement)
E-026,Je dois jongler entre LinkedIn et mes outils pour suivre les candidats d'une offre.,forward,https://www.forward-ai.fr/cas-d-usage/famille/unipile/,2026-07,1,famille: Unipile | cas original: Suivez les candidats d'une offre sans quitter vos outils (Recrutement)
E-027,Publier mes posts LinkedIn manuellement m'empêche de programmer et d'industrialiser mon contenu depuis mes outils.,forward,https://www.forward-ai.fr/cas-d-usage/famille/unipile/,2026-07,1,famille: Unipile | cas original: Publiez vos posts LinkedIn par API (Contenu)
E-028,Répondre à chaque commentaire sous mes posts LinkedIn me prend un temps que je n'ai pas.,forward,https://www.forward-ai.fr/cas-d-usage/famille/unipile/,2026-07,1,famille: Unipile | cas original: Commentez et répondez par API (Contenu)
E-029,Entretenir la relation avec mes comptes clés exige un engagement régulier que je n'arrive pas à tenir manuellement.,forward,https://www.forward-ai.fr/cas-d-usage/famille/unipile/,2026-07,1,famille: Unipile | cas original: Entretenez une relation par l'engagement ciblé (Contenu)
E-030,Je n'ai aucun suivi jour après jour de la performance de mes posts LinkedIn.,forward,https://www.forward-ai.fr/cas-d-usage/famille/unipile/,2026-07,1,famille: Unipile | cas original: Suivez la performance de vos posts jour après jour (Contenu)
E-031,Surveiller manuellement le contenu de mes concurrents et des influenceurs sur LinkedIn est intenable.,forward,https://www.forward-ai.fr/cas-d-usage/famille/unipile/,2026-07,1,famille: Unipile | cas original: Surveillez le contenu d'un concurrent ou d'un influenceur (Contenu)
E-032,Je contacte mes prospects sans connaître leur activité récente et mes accroches tombent à plat.,forward,https://www.forward-ai.fr/cas-d-usage/famille/unipile/,2026-07,1,famille: Unipile | cas original: Trouvez la bonne accroche avant de contacter un prospect (Contenu)
E-033,Des prospects visitent mon profil LinkedIn et je ne les convertis jamais en leads entrants.,forward,https://www.forward-ai.fr/cas-d-usage/famille/unipile/,2026-07,1,famille: Unipile | cas original: Transformez qui a vu votre profil en leads entrants (Réseau)
E-034,Je ne peux pas exporter mon réseau LinkedIn complet dans un tableau exploitable.,forward,https://www.forward-ai.fr/cas-d-usage/famille/unipile/,2026-07,1,famille: Unipile | cas original: Exportez tout votre réseau en un tableau (Réseau)
E-035,Je n'ai aucune visibilité structurée sur mes abonnés et abonnements LinkedIn.,forward,https://www.forward-ai.fr/cas-d-usage/famille/unipile/,2026-07,1,famille: Unipile | cas original: Auditez vos abonnés et abonnements (Réseau)
E-036,"Gérer mes suivis, désabonnements et blocages LinkedIn membre par membre est fastidieux.",forward,https://www.forward-ai.fr/cas-d-usage/famille/unipile/,2026-07,1,"famille: Unipile | cas original: Suivre, ne plus suivre ou bloquer un membre par API (Réseau)"
E-037,Entretenir mes relations LinkedIn par des attentions comme la recommandation de compétences demande un effort manuel constant.,forward,https://www.forward-ai.fr/cas-d-usage/famille/unipile/,2026-07,1,famille: Unipile | cas original: Entretenez vos relations en recommandant des compétences (Réseau)
E-038,Je n'ai pas de moyen léger de me rappeler au bon souvenir d'un prospect avant de le contacter.,forward,https://www.forward-ai.fr/cas-d-usage/famille/unipile/,2026-07,1,famille: Unipile | cas original: Réchauffez un prospect avec une visite de profil (warm touch) (Réseau)
E-039,Ma messagerie LinkedIn est un silo séparé de mes outils et de mon assistant IA.,forward,https://www.forward-ai.fr/cas-d-usage/famille/unipile/,2026-07,1,famille: Unipile | cas original: Lisez votre messagerie LinkedIn depuis votre IA (Messagerie)
E-040,"Je découvre les réponses LinkedIn de mes prospects des heures trop tard, faute de notification temps réel.",forward,https://www.forward-ai.fr/cas-d-usage/famille/unipile/,2026-07,1,famille: Unipile | cas original: Soyez notifié des réponses LinkedIn en temps réel (Messagerie)
E-041,Je ne peux pas envoyer automatiquement des documents dans mes messages LinkedIn.,forward,https://www.forward-ai.fr/cas-d-usage/famille/unipile/,2026-07,1,famille: Unipile | cas original: Envoyez un document en message LinkedIn (Messagerie)
E-042,"Je dois retourner dans LinkedIn pour la moindre action sur mes messages (réagir, éditer, gérer).",forward,https://www.forward-ai.fr/cas-d-usage/famille/unipile/,2026-07,1,"famille: Unipile | cas original: Réagissez, éditez ou gérez vos messages par API (Messagerie)"
E-043,Je ne sais pas si mes messages LinkedIn sont lus ni où en est chaque conversation.,forward,https://www.forward-ai.fr/cas-d-usage/famille/unipile/,2026-07,1,famille: Unipile | cas original: Suivez le cycle de vie de vos messages (Messagerie)
E-044,Mes nouvelles connexions LinkedIn n'arrivent jamais dans mon CRM sans saisie manuelle.,forward,https://www.forward-ai.fr/cas-d-usage/famille/unipile/,2026-07,1,famille: Unipile | cas original: Synchronisez vos nouvelles connexions dans votre CRM (Automatisation)
E-046,Connecter et gérer les comptes LinkedIn de toute mon équipe est un casse-tête sans gestion centralisée.,forward,https://www.forward-ai.fr/cas-d-usage/famille/unipile/,2026-07,1,famille: Unipile | cas original: Connectez les comptes LinkedIn de votre équipe (Automatisation)
E-047,Un compte LinkedIn de l'équipe se déconnecte et mes automatisations tombent sans que je le sache.,forward,https://www.forward-ai.fr/cas-d-usage/famille/unipile/,2026-07,1,famille: Unipile | cas original: Soyez alerté si un compte LinkedIn se déconnecte (Automatisation)
E-048,"Mes clients m'écrivent sur WhatsApp mais les messages restent bloqués dans un téléphone, hors de portée de l'équipe.",forward,https://www.forward-ai.fr/cas-d-usage/famille/whatsapp/,2026-07,1,famille: WhatsApp | cas original: Ne ratez plus jamais un message WhatsApp client important (Service client)
E-050,"Tout arrive dans la même conversation WhatsApp — SAV, commandes, réservations, spam — sans tri ni routage vers la bonne personne.",forward,https://www.forward-ai.fr/cas-d-usage/famille/whatsapp/,2026-07,1,famille: WhatsApp | cas original: Chaque message WhatsApp trié et routé vers la bonne personne (Service client)
E-051,Un client m'écrit sur WhatsApp le soir ou le week-end et n'a aucun signe que son message a bien été reçu.,forward,https://www.forward-ai.fr/cas-d-usage/famille/whatsapp/,2026-07,1,famille: WhatsApp | cas original: Un accusé de réception automatique en dehors des heures d'ouverture (Service client)
E-052,Un dossier client s'étale sur trente messages WhatsApp et je dois tout relire pour m'y retrouver.,forward,https://www.forward-ai.fr/cas-d-usage/famille/whatsapp/,2026-07,1,famille: WhatsApp | cas original: Le résumé d'un fil WhatsApp sans tout relire (Service client)
E-053,Un client furieux m'a écrit sur WhatsApp et son message s'est noyé dans le flux avant que je le repère.,forward,https://www.forward-ai.fr/cas-d-usage/famille/whatsapp/,2026-07,1,famille: WhatsApp | cas original: Repérez un client mécontent avant qu'il ne parte (Service client)
E-054,"Mes clients prennent rendez-vous puis oublient de venir, et je perds des créneaux.",forward,https://www.forward-ai.fr/cas-d-usage/famille/whatsapp/,2026-07,1,famille: WhatsApp | cas original: Divisez vos rendez-vous manqués par deux (Relance & suivi)
E-055,J'envoie des devis qui restent sans réponse et relancer chacun au bon moment à la main est ingérable.,forward,https://www.forward-ai.fr/cas-d-usage/famille/whatsapp/,2026-07,1,famille: WhatsApp | cas original: Faites signer vos devis oubliés sans relancer à la main (Relance & suivi)
E-056,"Après l'achat, mes nouveaux clients sont livrés à eux-mêmes faute d'onboarding structuré.",forward,https://www.forward-ai.fr/cas-d-usage/famille/whatsapp/,2026-07,1,famille: WhatsApp | cas original: Accueillez chaque nouveau client comme s'il était le seul (Relance & suivi)
E-057,Mes clients satisfaits ne laissent jamais d'avis parce que je n'ose pas les relancer.,forward,https://www.forward-ai.fr/cas-d-usage/famille/whatsapp/,2026-07,1,famille: WhatsApp | cas original: Récoltez des avis clients sans jamais les demander (Relance & suivi)
E-058,"Des clients remplissent leur panier ou commencent une réservation puis abandonnent, et je ne les rattrape pas à temps.",forward,https://www.forward-ai.fr/cas-d-usage/famille/whatsapp/,2026-07,1,famille: WhatsApp | cas original: Rattrapez les paniers abandonnés en quelques heures (Relance & suivi)
E-059,Mes coachés décrochent entre deux séances faute d'un rappel régulier.,forward,https://www.forward-ai.fr/cas-d-usage/famille/whatsapp/,2026-07,1,famille: WhatsApp | cas original: Envoyez un check-in quotidien à chaque coaché (Coaching)
E-060,Mes coachés m'envoient leur avancement à toute heure et une réponse qui tarde casse la dynamique.,forward,https://www.forward-ai.fr/cas-d-usage/famille/whatsapp/,2026-07,1,famille: WhatsApp | cas original: Répondez à chaque point d'avancement au bon moment (Coaching)
E-061,Je veux dérouler mon programme jour après jour mais chaque coaché commence à une date différente.,forward,https://www.forward-ai.fr/cas-d-usage/famille/whatsapp/,2026-07,1,famille: WhatsApp | cas original: Délivrez votre programme au goutte-à-goutte sur WhatsApp (Coaching)
E-062,Avant chaque séance je relis des jours de conversation WhatsApp pour me rappeler où en est le coaché.,forward,https://www.forward-ai.fr/cas-d-usage/famille/whatsapp/,2026-07,1,famille: WhatsApp | cas original: Compilez le journal de bord d'un coaché avant sa séance (Coaching)
E-063,Mes coachés disent avoir fait leur exercice mais je n'ai aucune preuve concrète.,forward,https://www.forward-ai.fr/cas-d-usage/famille/whatsapp/,2026-07,1,famille: WhatsApp | cas original: Demandez une preuve d'action à chaque coaché (Coaching)
E-064,Mes coachés me parlent en notes vocales et réécouter chaque message de deux minutes me coûte un temps fou.,forward,https://www.forward-ai.fr/cas-d-usage/famille/whatsapp/,2026-07,1,famille: WhatsApp | cas original: Transformez les notes vocales de vos coachés en résumés (Coaching)
E-065,Quelqu'un m'a donné une info clé sur WhatsApp il y a trois semaines et je ne la retrouve plus.,forward,https://www.forward-ai.fr/cas-d-usage/famille/whatsapp/,2026-07,1,famille: WhatsApp | cas original: Retrouvez en une question ce qu'on vous a dit sur WhatsApp (Productivité)
E-066,"Mes clients m'envoient adresses, montants et coordonnées sur WhatsApp et je ressaisis tout à la main.",forward,https://www.forward-ai.fr/cas-d-usage/famille/whatsapp/,2026-07,1,famille: WhatsApp | cas original: Transformez vos conversations WhatsApp en tableau prêt à exploiter (Productivité)
E-067,On me demande sans arrêt des choses sur WhatsApp et certaines demandes finissent par me filer entre les doigts.,forward,https://www.forward-ai.fr/cas-d-usage/famille/whatsapp/,2026-07,1,famille: WhatsApp | cas original: Transformez chaque demande WhatsApp en tâche automatiquement (Productivité)
E-068,"Mes messages arrivent sur WhatsApp, LinkedIn, Instagram et par email, et je jongle entre quatre inbox.",forward,https://www.forward-ai.fr/cas-d-usage/famille/whatsapp/,2026-07,1,famille: WhatsApp | cas original: Toutes vos messageries dans une seule vue à répondre (Productivité)
E-070,Je démarche tout le monde au même moment et je gaspille mon énergie sur des comptes qui n'achètent pas maintenant.,forward,https://www.forward-ai.fr/cas-d-usage/famille/airscale/,2026-07,1,famille: Airscale | cas original: Les comptes en signal d'achat (Sourcing)
E-074,"Avant une approche ABM, rassembler la firmographie et les bons interlocuteurs, c'est dix onglets ouverts par compte.",forward,https://www.forward-ai.fr/cas-d-usage/famille/airscale/,2026-07,1,famille: Airscale | cas original: Une fiche entreprise enrichie (Enrichissement)
E-075,Beaucoup d'enrichissements partent de l'URL LinkedIn et mon fichier qui ne l'a pas est bloqué à l'entrée.,forward,https://www.forward-ai.fr/cas-d-usage/famille/airscale/,2026-07,1,famille: Airscale | cas original: Retrouvez les URLs LinkedIn manquantes (Enrichissement)
E-076,"Un formulaire entrant ne me laisse qu'un email, un appel manqué qu'un numéro, sans aucun contexte sur qui est derrière.",forward,https://www.forward-ai.fr/cas-d-usage/famille/airscale/,2026-07,1,famille: Airscale | cas original: Qui se cache derrière un email ou un numéro (Identification)
E-077,"Certaines données ne tiennent pas dans un filtre : je dois chercher une info précise, la vérifier et la sourcer à la main.",forward,https://www.forward-ai.fr/cas-d-usage/famille/airscale/,2026-07,1,famille: Airscale | cas original: Une réponse data structurée à la demande (Identification)
E-078,Démarcher tous les commerces d'un métier sur une zone exige de constituer la liste et les coordonnées à la main.,forward,https://www.forward-ai.fr/cas-d-usage/famille/apify/,2026-07,1,famille: Apify | cas original: Constituez une liste de prospects locaux avec leurs coordonnées (Prospection)
E-079,J'ouvre ou j'audite une activité locale sans savoir précisément qui est en face et ce que disent ses avis.,forward,https://www.forward-ai.fr/cas-d-usage/famille/apify/,2026-07,1,famille: Apify | cas original: Gardez un œil sur la concurrence locale et ses avis (Concurrence)
E-080,"Je veux comprendre ce que disent vraiment les clients d'un lieu, mais dépouiller tous les avis Google Maps est ingérable.",forward,https://www.forward-ai.fr/cas-d-usage/famille/apify/,2026-07,1,famille: Apify | cas original: Récupérez tous les avis clients d'un lieu (Analyse & décision)
E-081,"Jauger un compte Instagram (le mien, un prospect, un concurrent) et le suivre dans le temps se fait entièrement à la main.",forward,https://www.forward-ai.fr/cas-d-usage/famille/apify/,2026-07,1,famille: Apify | cas original: Auditez et suivez n'importe quel compte Instagram (Veille)
E-085,Je suis une dizaine de chaînes YouTube pour ma veille mais il m'est impossible de tout regarder.,forward,https://www.forward-ai.fr/cas-d-usage/famille/apify/,2026-07,1,famille: Apify | cas original: Suivez vos chaînes YouTube transcripts inclus (Veille)
E-087,"Je regarde les compteurs YouTube un jour donné, sans suivi de la performance de la chaîne dans le temps.",forward,https://www.forward-ai.fr/cas-d-usage/famille/apify/,2026-07,1,famille: Apify | cas original: Suivez la performance d'une chaîne YouTube (Analyse & décision)
E-095,Je veux me lancer sur une catégorie Amazon sans vue structurée du marché produit.,forward,https://www.forward-ai.fr/cas-d-usage/famille/apify/,2026-07,1,famille: Apify | cas original: Étudiez un marché produit sur Amazon (E-commerce)
E-096,Le prix d'un concurrent bouge sur Amazon et je le découvre trop tard.,forward,https://www.forward-ai.fr/cas-d-usage/famille/apify/,2026-07,1,famille: Apify | cas original: Surveillez le prix d'un produit Amazon (E-commerce)
